ORG,TWEET_TEXT,TWEET_DATE
BBC,"With Cornish wildlife facing so many threats from humans, these residents do whatever they can to help ‚ù§Ô∏è‚Ä¶ https://t.co/tDulIOzqsJ",Sun Nov 15 16:01:00 +0000 2020
BBC,RT @bbcasiannetwork: Happy Diwali and Bandi Chhor Divas! ‚ú® https://t.co/fUX8t73t84,Sat Nov 14 19:54:57 +0000 2020
BBC,"It's the clash of the tennis titans üéæüëä@Andy_Murray and... er, @petercrouch? ü§î #ChildrenInNeed https://t.co/7AVX9k8o41",Fri Nov 13 22:18:26 +0000 2020
BBC,"RT @BBCRadio2: The official video for this year's star-studded @bbccin single, 'Stop Crying Your Heart Out' is here! ü§©

Watch now and don't‚Ä¶",Fri Nov 13 21:00:12 +0000 2020
BBC,"Thanks for the exclusive performance for @bbccin, @shawnmendes üôå

#ChildrenInNeed #ShawnMendes https://t.co/NmJOm6oDOt",Fri Nov 13 20:33:26 +0000 2020
BBC,"It's time for #ChildrenInNeed 2020!

Starting RIGHT NOW on @BBCOne &amp; @BBCiPlayer üôå

üëâhttps://t.co/6ja5CKOhAu https://t.co/S56XqamhIe",Fri Nov 13 19:00:01 +0000 2020
BBC,"RT @bbcasiannetwork: Looking for the ultimate #Diwali soundtrack? üéâ

@HarpreetUK, @PanjabiHitSquad, @AshantiOmkar and @radiogagan have cura‚Ä¶",Fri Nov 13 18:02:03 +0000 2020
BBC,"Don and his wife Jen founded a foodbank in Cornwall that provides 14,000 meals every month to those in need.  üôå‚Ä¶ https://t.co/yMmISXcygk",Fri Nov 13 15:37:06 +0000 2020
BBC,"RT @BBCRadio2: The superhuman Joe Wicks has completed his 24 hour PE challenge and thanks to your generosity, he has raised ¬£1,520,020 for‚Ä¶",Fri Nov 13 11:45:12 +0000 2020
BBC,"RT @BBCCiN: Oh they are so mean to you @MrNickKnowles!
 
This one is for Nigel who asked 'What exactly does Nick Knowles do?' ü§®
 
@DIYSOS,‚Ä¶",Thu Nov 12 19:12:21 +0000 2020
BBC,"RT @BBCiPlayer: Clive cradling Louis cradling Clive cradling... 

BBC iPlayer, like nowhere else. https://t.co/yYoN2FtXTn",Thu Nov 12 15:10:46 +0000 2020
BBC,"It‚Äôs an emotional moment for @garylineker, as he reads accounts of those who were with his grandfather in the midst‚Ä¶ https://t.co/d7NEohYhSG",Thu Nov 12 14:01:00 +0000 2020
BBC,"RT @bbcasiannetwork: From 4pm today @helloyasser, @BobbyFriction, Group Chat's @Poppy_Jay_, @SimplyNadiaAli and @DJNoreenKhan will be passi‚Ä¶",Thu Nov 12 13:05:34 +0000 2020
BBC,.@GaryLineker meets 104-year-old World War Two veteran William Earl - a true British hero (and possibly Arsenal‚Äôs m‚Ä¶ https://t.co/8oFyFkmVkX,Wed Nov 11 17:01:00 +0000 2020
BBC,"RT @BBCiPlayer: When it rains, it pours. Right Ian? 

BBC iPlayer, like nowhere else. https://t.co/OgbI0UYk0S",Wed Nov 11 11:26:25 +0000 2020
BBC,"RT @BBCiPlayer: Remarkable‚Ä¶

BBC iPlayer, like nowhere else. https://t.co/shHEOarFVU",Wed Nov 11 11:26:05 +0000 2020
BBC,"RT @BBCiPlayer: Live Re-start is great‚Ä¶ unless you‚Äôre this baby bird.

BBC iPlayer, like nowhere else. https://t.co/XCrwmaST0y",Wed Nov 11 11:25:45 +0000 2020
BBC,"RT @HackerTDog: If you like reading, then click this link to see the Blue Peter Book Awards 2021 nominees cockers:
https://t.co/Z0C3By38x7‚Ä¶",Tue Nov 10 16:49:17 +0000 2020
BBC,"The quest for a vaccine against Covid-19 has taken a significant step forward

So when will it become available?
https://t.co/XAC0DmlOOi",Tue Nov 10 14:01:00 +0000 2020
BBC,"RT @BBCRadio2: 'Stop Crying Your Heart Out' from The Radio 2 Allstars is this years @BBCCiN single - out this Friday! 

Tune in to the @Zoe‚Ä¶",Tue Nov 10 12:25:55 +0000 2020
BBC,"RT @HackerTDog: Did you love watching Iain and Hacker on telly? Of course you loved us! Click here to watch our best ever songs:
https://t.‚Ä¶",Tue Nov 10 11:11:21 +0000 2020
BBC,"A heart-warming swan love story ü¶¢‚ù§Ô∏èü¶¢
https://t.co/w7pj77mm62",Mon Nov 09 17:01:00 +0000 2020
BBC,"The work ethic of these young entrepreneurs in the face of a global pandemic is incredible

#Cornwall with‚Ä¶ https://t.co/2koJcPg6H2",Sun Nov 08 14:01:00 +0000 2020
BBC,"David Dimbleby presents live coverage of the #Remembrance Sunday commemorations from Whitehall in London.

10:15am‚Ä¶ https://t.co/u1mlNwMisk",Sun Nov 08 09:01:00 +0000 2020
BBC,"It's almost time for the #LittleMixTheSeach FINAL! ü§©

6pm | @BBCOne &amp; @BBCiPlayer.

üëâhttps://t.co/M8TrW4578e https://t.co/g1JHoj7ZMd",Sat Nov 07 17:01:00 +0000 2020
BBC,"Tonight on the #GrahamNorton show...

‚ú®Nicole Kidman!
‚ú®@kylieminogue!
‚ú®@NicolaAdamsOBE!
‚ú®@JasonManford!
‚ú®‚Ä¶ https://t.co/KDcem4YUyV",Fri Nov 06 20:01:00 +0000 2020
BBC,"16 years after being shot by al-Qaeda, BBC security correspondent @FrankRGardner explores what it is like to sudden‚Ä¶ https://t.co/TTlerypjF4",Thu Nov 05 19:01:00 +0000 2020
BBC,"RT @BBCiPlayer: RuPaul‚Äôs new earrings have charisma, uniqueness, nerve and serious athletic talent.

BBC iPlayer, like nowhere else. https:‚Ä¶",Thu Nov 05 16:11:21 +0000 2020
BBC,"1 in 5 of us are disabled. These are our stories.

#CripTales is streaming now on @BBCiPlayer.

https://t.co/gE3fd0SNob",Wed Nov 04 17:01:00 +0000 2020
BBC,"RT @BBCCiN: This is exactly how Pudsey warms up before the appeal show. üòú
 
To find out what on earth is going on here, tune in to Children‚Ä¶",Wed Nov 04 13:50:36 +0000 2020
BBC,"""We thought she was dead... I reached out to her and suddenly Elif grabbed my finger"" 

A three-year-old girl trapp‚Ä¶ https://t.co/aW7Nq0dxJN",Tue Nov 03 14:01:00 +0000 2020
BBC,"Band new series #CripTales captures life-changing moments in six powerful, dramatic monologues.

Written, directed‚Ä¶ https://t.co/eN4XqwvDXS",Mon Nov 02 20:01:00 +0000 2020
BBC,"RT @BBCArchive: #OnThisDay 1936: The BBC launched its Television service! It is estimated a mere 400 ""lookers in"" witnessed the event https‚Ä¶",Mon Nov 02 12:19:51 +0000 2020
BBC,"""We'll learn, and fight, and live another night.‚Äù ü¶á 

Sink your teeth into Heirs of the Night. Streaming now on‚Ä¶ https://t.co/MAGjsqXrfq",Sun Nov 01 17:01:00 +0000 2020
BBC,"The #6Nations is back! üôå

Starting with #WALvSCO from 1:45pm on @BBCOne &amp; @bbciplayer, and #FRAvIRE from 7:30pm on‚Ä¶ https://t.co/NSDbBP1Hag",Sat Oct 31 12:01:00 +0000 2020
BBC,"Tonight on the #GrahamNortonShow...

‚ú®Jessie Buckley!
‚ú®@BillBailey!
‚ú®@octaviaspencer!
‚ú®@FrankRGardner!
‚ú®‚Ä¶ https://t.co/Gv4uVlEVs0",Fri Oct 30 20:01:00 +0000 2020
BBC,"RT @HackerTDog: Want something fun to watch this #Halloween? Check out my birthday best bits film right here:
https://t.co/FkYVEeQmLW
Featu‚Ä¶",Fri Oct 30 15:36:22 +0000 2020
BBC,"RT @bbcweather: Enjoy cloud gazing? Want to know more about them? Click on the button below to send us your recent cloud snaps, and Matt Ta‚Ä¶",Fri Oct 30 10:55:47 +0000 2020
BBC,"This is how you get demoted from bridesmaid to plus one. üíç üë∞ üòÇ  
@sarapascoe #OutOfHerMind
https://t.co/MKbccJISZN",Thu Oct 29 17:01:00 +0000 2020
BBC,"RT @HackerTDog: MY TOP NOTCH PAL @Linds_bluepeter INTERVIEWED @GretaThunberg FOR BLUE PETER. WATCH IT ALL HERE:
https://t.co/vQh1Ge7YKV
SHA‚Ä¶",Thu Oct 29 14:54:07 +0000 2020
BBC,"Legendary Japanese filmmakers Studio Ghibli make the everyday magical in animated classics, such as Spirited Away a‚Ä¶ https://t.co/HA1L0dvhoF",Wed Oct 28 17:01:00 +0000 2020
BBC,"RT @bbcbitesize: We‚Äôre all different, and that‚Äôs a really really good thing üôå

Dads Rich and Lew have some great advice for talking to youn‚Ä¶",Wed Oct 28 16:17:50 +0000 2020
BBC,"The NHS wants people who have recovered from coronavirus to donate their blood plasma

It's part of a trial looking‚Ä¶ https://t.co/DkDizqhT7W",Tue Oct 27 17:01:00 +0000 2020
BBC,"The countdown is ON! 

#HisDarkMaterials returns Sunday 8 November on @BBCOne and @BBCiPlayer.
 
üåü True fans will w‚Ä¶ https://t.co/O0BaDa48zk",Mon Oct 26 17:01:00 +0000 2020
BBC,"Leech therapy is a centuries-old treatment that is still used on hundreds of NHS patients every year üòÆ

#Surgeons:‚Ä¶ https://t.co/KaUY6SJ86E",Sun Oct 25 14:01:00 +0000 2020
BBC,"BAFTA-nominated drama #Apostasy follows a Jehovah's Witness congregation in Oldham.

10pm | @bbctwo &amp; @BBCiPlayer.‚Ä¶ https://t.co/2AjR6REN5J",Sat Oct 24 19:01:00 +0000 2020
BBC,"Tonight on the #GrahamNortonShow...

‚ú®@Springsteen!
‚ú®Kristin Scott Thomas!
‚ú® @McConaughey!
‚ú® @MawaanR!
‚ú®‚Ä¶ https://t.co/OIuIoFfQHN",Fri Oct 23 19:01:00 +0000 2020
BBC,"Happy 90th Birthday @BBCSO üéâ

A fitting tribute from baritone and composer @Sviceridor #BBCSOat90

https://t.co/8SAcUsoxRt",Fri Oct 23 10:48:48 +0000 2020
BBC,"#MockTheWeek is back!  üôå

@daraobriain hosts panellists Hugh Dennis, @tomallencomedy, @AngelaBarnes, @rhysjamesy,‚Ä¶ https://t.co/LNhE4MFxtO",Thu Oct 22 19:01:00 +0000 2020
BBC,RT @bbcpress: #DavidTennant and @MichaelSheen return with more #Staged for @BBCOne: https://t.co/2wVydhm8vM https://t.co/ZVUEjpRTUe,Thu Oct 22 10:51:18 +0000 2020
BBC,"Brand new series #TheNoughties takes a light-hearted look at the decade that kicked off this century.

Tonight‚Ä¶ https://t.co/kfue8npm1H",Wed Oct 21 19:01:00 +0000 2020
BBC,"The thief who changed the world - one acorn at a time
https://t.co/DTJglgJpDU",Tue Oct 20 16:01:00 +0000 2020
BBC,"One million plant and animal species face extinction, but you can make a difference.

#ExtinctionTheFacts is stream‚Ä¶ https://t.co/2TjShCrACu",Mon Oct 19 15:00:02 +0000 2020
BBC,"What is a circuit-breaker lockdown?

https://t.co/1tf6maHGkc",Sun Oct 18 11:01:00 +0000 2020
BBC,RT @bbcstrictly: Our couples are complete. #Strictly 2020 is go! üíú‚ú® https://t.co/sl0aLuRhcM,Sun Oct 18 10:29:03 +0000 2020
BBC,"Get ready to dance yourself happy... #Strictly's BACK! üíÉ‚ú®

@bbcstrictly starts tonight at 7:50pm on @BBC One and‚Ä¶ https://t.co/6Pg8t1FfB3",Sat Oct 17 16:01:00 +0000 2020
BBC,"Tonight on #TheGNShow...

‚ú®Arsene Wenger!
‚ú®@SamuelLJackson!
‚ú®@Dawn_French!
‚ú®@flintoff11!
‚ú®Music fromMercury Prize w‚Ä¶ https://t.co/FTPXzjledg",Fri Oct 16 19:01:00 +0000 2020
BBC,RT @BBCTheOneShow: Matt Baker explains a new #RickshawChallenge for 2020 taking place on the @Goodwood_Estate and the changes made to keep‚Ä¶,Thu Oct 15 18:21:00 +0000 2020
BBC,"RT @BBCNewsPR: üá∫üá∏ We‚Äôve announced the details of the BBC #USElection2020 results coverage, led by @KattyKay_ and @afneil

Full details here‚Ä¶",Thu Oct 15 10:08:47 +0000 2020
BBC,"Hugh Laurie and Helen McCrory star in a brand new political thriller‚Ä¶
 
#Roadkill, coming soon to @BBCOne and‚Ä¶ https://t.co/idUQSQgyv5",Wed Oct 14 16:01:00 +0000 2020
BBC,"These specially trained sniffer dogs in Lebanon are learning to detect Covid-19 üê∂
https://t.co/9qx0xfvnmj",Tue Oct 13 16:01:00 +0000 2020
BBC,"RT @BBCCiN: Here's a sneak peak at our special short film, coming 15 October @BBCOne üîú https://t.co/DevFP5ecxT",Tue Oct 13 08:57:59 +0000 2020
BBC,"""More than 12 million Africans were trafficked. More than 2 million died en route. We thought it was worth telling‚Ä¶ https://t.co/akCYMDFNBE",Mon Oct 12 16:01:00 +0000 2020
BBC,.@SamuelLJackson pieces together the beginnings and methods of the trans-Atlantic slave trade ‚Äì a business that thr‚Ä¶ https://t.co/0T1mqPV5w8,Sun Oct 11 18:01:00 +0000 2020
BBC,"""To be sober and truthful as you can, it's not going to be paradise immediately‚Ä¶"" Sir David Attenborough on humanit‚Ä¶ https://t.co/lucI19uje5",Sun Oct 11 16:01:00 +0000 2020
BBC,"Zak (@ZakBevis) trains young wrestlers in Norwich, building their confidence and making positive change in his comm‚Ä¶ https://t.co/Nwa3BYiIso",Sat Oct 10 13:01:00 +0000 2020
BBC,"Tonight on #TheGNShow...

‚ú®Ewan McGregor!
‚ú®@ShirleyBallas!
‚ú®@AshleyBanjo!
‚ú®Frank Skinner!
‚ú®Music from @MileyCyrus!‚Ä¶ https://t.co/dWXcnN2uvd",Fri Oct 09 19:01:00 +0000 2020
BBC,"‚ÄúWe owe you.‚Äù

Mick Fleetwood thanks the man behind the viral video that‚Äôs made Fleetwood Mac's Dreams a hit all ov‚Ä¶ https://t.co/G2LaxTOqQt",Fri Oct 09 17:01:00 +0000 2020
BBC,"RT @HackerTDog: HI COCKERS! I‚ÄôVE BEEN ANSWERING YOUR QUESTIONS! WANT TO GET TO KNOW ME MORE THAN MY LOVE OF MEAT PASTE, WIGAN AND SUE BARKE‚Ä¶",Fri Oct 09 14:41:11 +0000 2020
BBC,"RT @bbcasiannetwork: üö® ANTHEM ALERT üö® ""Haathon ko dhona dhona, te mask nu pauna pena'' - @iharoonrashid and his friends have come up with a‚Ä¶",Fri Oct 09 12:39:55 +0000 2020
BBC,"""We're in a very, very dangerous and difficult time in the environment""

Prince William launches the Earthshot Priz‚Ä¶ https://t.co/zkeEPcKsxg",Thu Oct 08 13:01:00 +0000 2020
BBC,"""What animal do you like?"" üêí

Sir David Attenborough gets quizzed by two-year-old Prince Louis and his siblings. 
https://t.co/HpYjBqpx2A",Wed Oct 07 16:01:00 +0000 2020
BBC,"Join Jodie Whittaker, @davidwalliams, @thelizcarr and Ruth Jones as they trace their family ancestry, turning up a‚Ä¶ https://t.co/ci5N5sIkJS",Tue Oct 06 16:01:00 +0000 2020
BBC,"The stories of ordinary people fighting for truth and justice following acts of terror.

In the Face of Terror star‚Ä¶ https://t.co/Jt5lr4rETR",Mon Oct 05 18:01:00 +0000 2020
BBC,"""The currency that we deal in is the most valuable thing on the planet. It's human life.""

Brand new #Surgeons: At‚Ä¶ https://t.co/zrQKGySseX",Mon Oct 05 16:01:00 +0000 2020
BBC,"@BBCiPlayer @sueperkins These are Japan‚Äôs remarkable free-diving grannies, who dive to depths of 30 feet!‚Ä¶ https://t.co/lbGJjS1GbJ",Sun Oct 04 13:01:00 +0000 2020
BBC,"From A to ""Oh"" to Z.

#GavinAndStacey | @bbcthree

https://t.co/PjHtnwrPNV",Sat Oct 03 15:01:00 +0000 2020
BBC,"The #GrahamNorton Show is BACK!  üôå

This week's star studded line up, both in-studio and connecting remotely...

‚ú®‚Ä¶ https://t.co/v0DsDFxjLQ",Fri Oct 02 19:01:00 +0000 2020
BBC,"RT @BBC_TopGear: The #TopGear Ultimate Driving Mix on @BBCSounds üéµ Listen to 15 classic driving anthems handpicked by @flintoff11, @PaddyMc‚Ä¶",Fri Oct 02 18:31:42 +0000 2020
BBC,This robot is smaller than the width of a hair  ü§Ø- and scientists hope it will be used to hunt down and destroy can‚Ä¶ https://t.co/MIWcSlXzj0,Fri Oct 02 16:01:00 +0000 2020
BBC,RT @bbcpress: #ChildrenInNeed celebrates 40 fabulous years on Friday 13 November on @BBCOne: https://t.co/SEg6oCzL1p https://t.co/tD9K0XVaTi,Fri Oct 02 12:09:42 +0000 2020
BBC,"RT @BBCWomansHour: ""I am not crying."" üò¢ The legendary Jenni Murray @whjm signs off from Woman's Hour after 33 years. üëè

Listen to her final‚Ä¶",Thu Oct 01 16:18:50 +0000 2020
BBC,"A jet suit for ""flying"" paramedics is being tested by an air ambulance service in the north of England.
https://t.co/xrUVJEitkO",Wed Sep 30 16:01:00 +0000 2020
BBC,"RT @BBCSounds: Music, radio and podcasts to move you with the Power of BBC Sounds... üéß‚ö°Ô∏èüß°

Download the app now. https://t.co/qhDE8UhNSQ",Wed Sep 30 09:06:50 +0000 2020
BBC,Should cars have health warnings like cigarette packets? A viewpoint from author and campaigner @AndrewSimms_uk. https://t.co/3MgenRXYqs,Tue Sep 29 16:01:00 +0000 2020
BBC,"Feeling stressed, agitated, overwhelmed? Here‚Äôs @DrRadha with some simple ways to avoid tipping into emotional burn‚Ä¶ https://t.co/47eKjNZEOh",Mon Sep 28 16:01:00 +0000 2020
BBC,RT @thehitlistshow: #TheHitList fans @Arabelladaho and @jaadindaho are going head-to-head in a music knowledge challenge! It's the perfect‚Ä¶,Fri Sep 25 16:23:12 +0000 2020
BBC,"""He absolutely adores football!"" ‚öΩü¶ô

Meet Oscar - the football-mad, pitch invading alpaca who interrupted a match i‚Ä¶ https://t.co/duZXouUes1",Thu Sep 24 16:01:00 +0000 2020
BBC,"In this powerful and unflinching documentary, Freddie Flintoff goes on an acutely personal journey to explore the e‚Ä¶ https://t.co/TEqTAfs6pw",Wed Sep 23 16:01:00 +0000 2020
BBC,"RT @bbcpress: WORLD EXCLUSIVE: To mark what would have been @JohnLennon‚Äôs 80th birthday, @SeanOnoLennon is in conversation with @JulianLenn‚Ä¶",Tue Sep 22 23:10:05 +0000 2020
BBC,"Paradise. Perversion. Sanctuary. Sin.

#BlackNarcissus, coming this December to @BBCOne and @BBCiPlayer.

https://t.co/3tc8VmHN1M",Tue Sep 22 16:01:00 +0000 2020
BBC,"#Ghosts is BACK for a brand new series! üëªüôå

8:30pm | @BBCOne &amp; @BBCiPlayer.

üëâ https://t.co/NNyJpkPHqB https://t.co/DoxSNuItcY",Mon Sep 21 19:01:00 +0000 2020
BBC,RT @BBCNews: Ruth Bader Ginsburg: Supreme Court Justice dies https://t.co/WkPRyyr7iH,Sat Sep 19 08:50:20 +0000 2020
BBC,"RT @cbbc: Blue Peter is now on @YouTube ü•≥ Go subscribe! https://t.co/FT7pmwQ0rl
#BluePeter #YouTube #Subscribe 
@adam_byt @linds_bluepeter‚Ä¶",Thu Sep 17 16:13:06 +0000 2020
BBC,"""In the midst of our busy lives, the natural world can offer us a place of tranquility and rest.""

Take 3 minutes a‚Ä¶ https://t.co/0eLIbL5Tra",Thu Sep 17 16:01:00 +0000 2020
BBC,"Tonight on #SimpleComforts, Mary Berry discovers the hidden gems along the Thames. üçΩ 

8pm | @BBCTwo &amp; @BBCiPlayer.‚Ä¶ https://t.co/ui8szUaN6V",Wed Sep 16 18:01:00 +0000 2020
BBC,"It‚Äôs baaaaaaaaack! Who‚Äôs excited for more #Ghosts? üëªüôå

Series Two starts Monday, 8.30pm, @BBCOne, with all episodes‚Ä¶ https://t.co/x1L2BeqGgx",Wed Sep 16 16:01:00 +0000 2020
BBC,"""I do truly believe that together we can create a better future.""

Britain's favourite naturalist Sir David Attenbo‚Ä¶ https://t.co/4vdx08cFmG",Tue Sep 15 16:01:00 +0000 2020
BBC,"RT @bbcpress: Seven Worlds, One Planet üêã
An incredible Women's World Cup ‚öΩ
The return of Gavin and Stacey ‚ù§Ô∏è
That drum solo ü•ÅüòÇ

And so much‚Ä¶",Tue Sep 15 10:44:54 +0000 2020
BBC,"RT @bbcpress: üì∫ 10 TV services
‚ñ∂Ô∏è BBC iPlayer
üìª 10 national radio stations
üìç 39 local radio stations
üéß BBC Sounds
üíª 1 of the UK's most popu‚Ä¶",Tue Sep 15 06:34:00 +0000 2020
CNN,"""I think that his message of, 'Hey... I'm going to be a President for all Americans,' it's exactly what you want to‚Ä¶ https://t.co/KnVwLtofto",Sun Nov 15 16:06:51 +0000 2020
CNN,An 85-year-old primary school in Shanghai has been lifted off the ground ‚Äî in its entirety ‚Äî and relocated using ne‚Ä¶ https://t.co/4TRBh8PSlV,Sun Nov 15 16:01:06 +0000 2020
CNN,"""Once all the ranting and suing is over, Biden will almost certainly be inaugurated as the President of the United‚Ä¶ https://t.co/Kw6llup6Ed",Sun Nov 15 15:48:55 +0000 2020
CNN,How to decline a Thanksgiving invitation due to the pandemic https://t.co/gRvAMWZpN0,Sun Nov 15 15:01:06 +0000 2020
CNN,Virgin Hyperloop has completed the first test of its high-speed transportation technology with humans on board. The‚Ä¶ https://t.co/qfrbF6NNg0,Sun Nov 15 14:31:06 +0000 2020
CNN,"‚ÄúIn my 20 years as a journalist, I‚Äôve experienced crises and devastation around the world first-hand,""‚Ä¶ https://t.co/8BzTSidWsr",Sun Nov 15 14:01:07 +0000 2020
CNN,We asked US voters to share their thoughts about the historic 2020 election. They left us tons of voicemails. Here'‚Ä¶ https://t.co/grrAF1HdVB,Sun Nov 15 13:31:03 +0000 2020
CNN,"New York City is creating new teams to respond to emergency mental health calls instead of police, as part of a pil‚Ä¶ https://t.co/Qy17UeDjBK",Sun Nov 15 13:01:03 +0000 2020
CNN,CNN's international correspondents explain what a Joe Biden presidency means for US relations around the world‚Ä¶ https://t.co/tTSwgGIo3R,Sun Nov 15 12:31:06 +0000 2020
CNN,"The fourth season of ""The Crown"" is dominated by two women, and neither is the Queen. Take a look at the series' Pr‚Ä¶ https://t.co/hlPwPucesM",Sun Nov 15 12:01:07 +0000 2020
CNN,Several governors have issued stringent new measures to get the virus under control ahead of what could be a brutal‚Ä¶ https://t.co/Y1WWnHzqad,Sun Nov 15 11:07:55 +0000 2020
CNN,"In December 2008, Republican President George W. Bush approved a $17.4 billion rescue of GM and Chrysler because he‚Ä¶ https://t.co/mca1WLKePS",Sun Nov 15 10:01:07 +0000 2020
CNN,"Due to the planet's warming climate, hurricanes are maintaining their strength after landfall for much longer, and‚Ä¶ https://t.co/AqfLKvbnvm",Sun Nov 15 09:01:04 +0000 2020
CNN,"""President Trump will return to just plain old Donald Trump in January. And in case you forgot, there are at least‚Ä¶ https://t.co/TO4xTloi2F",Sun Nov 15 08:01:04 +0000 2020
CNN,Now that Ivanka Trump's and Jared Kushner's Washington political lives are over -- the question for this once-golde‚Ä¶ https://t.co/agqxj8cXKI,Sun Nov 15 07:30:07 +0000 2020
CNN,The scientists who developed the Pfizer/BioNTech Covid-19 vaccine are a Turkish-German power couple‚Ä¶ https://t.co/TPQCgAvQBv,Sun Nov 15 07:01:06 +0000 2020
CNN,"In one day, nine cases meant to attack President-elect Joe Biden's win in key states were denied or dropped, adding‚Ä¶ https://t.co/NkFIEyKI5F",Sun Nov 15 06:01:02 +0000 2020
CNN,"Will travel post-vaccine go back to how things were, or has your vacation been irrevocably changed? https://t.co/JixrbDbCx9",Sun Nov 15 05:03:04 +0000 2020
CNN,"Sixty years ago, Ruby Bridges walked to school escorted by four federal marshals as a White mob hurled insults at h‚Ä¶ https://t.co/S0flZYe97U",Sun Nov 15 04:29:03 +0000 2020
CNN,"As he works to rebuild and rejoin alliances, President-elect Joe Biden's greatest hurdle could be convincing the re‚Ä¶ https://t.co/vlPZGKCfdl",Sun Nov 15 04:01:02 +0000 2020
CNN,"Amid a Covid-19 resurgence across American communities in October and an explosion of new cases in Kentucky, the vi‚Ä¶ https://t.co/C9nvjmeQm5",Sun Nov 15 03:00:05 +0000 2020
CNN,Cracker Barrel apologizes for a noose-like cord found hanging in a Connecticut restaurant https://t.co/jHBQ1tTLNH https://t.co/fzDSsoDWnH,Sun Nov 15 02:29:03 +0000 2020
CNN,"While Election Day has come and gone, the races for Georgia's US Senate seats are headed to runoffs since none of t‚Ä¶ https://t.co/N8LtBo5XPa",Sun Nov 15 02:00:13 +0000 2020
CNN,"Thousands of President Trump's supporters of all stripes, including right-wing and far-right groups, rallied in Was‚Ä¶ https://t.co/gFJE4geh8r",Sun Nov 15 01:30:09 +0000 2020
CNN,"The term pickle comes from the Dutch word pekel, which means salt or brine. In honor of the holiday, here are five‚Ä¶ https://t.co/toMDnHwBt0",Sun Nov 15 01:00:12 +0000 2020
CNN,NEW: Chad Wolf was not legally serving as acting Homeland Security secretary when he signed rules limiting DACA app‚Ä¶ https://t.co/fRg6CPb2xZ,Sun Nov 15 00:49:21 +0000 2020
CNN,"Phoenix police officials are reviewing the investigation into the death of Joseph Ryan, Lori Vallow's third husband‚Ä¶ https://t.co/JiUVMr4UII",Sun Nov 15 00:32:04 +0000 2020
CNN,Joe Biden's victory in Pennsylvania has now eclipsed President Trump's winning margin from 2016. If mail ballots ha‚Ä¶ https://t.co/2295Ee7nye,Sun Nov 15 00:00:04 +0000 2020
CNN,The latest on the pandemic around the world: https://t.co/ZE5xelZG0s,Sat Nov 14 23:31:04 +0000 2020
CNN,A series of storms are making their way from the Pacific Northwest to the Great Lakes region and eventually the Nor‚Ä¶ https://t.co/FDGhSN6u1B,Sat Nov 14 23:00:23 +0000 2020
CNN,"In one day, nine cases meant to attack President-elect Joe Biden's win in key states were denied or dropped, adding‚Ä¶ https://t.co/GHWEZTRySN",Sat Nov 14 22:30:08 +0000 2020
CNN,Now that Ivanka Trump's and Jared Kushner's Washington political lives are over -- the question for this once-golde‚Ä¶ https://t.co/dVUSWSwyMG,Sat Nov 14 22:00:09 +0000 2020
CNN,McDonald's and Wendy's seem to be winning while Starbucks and Taco Bell are on the losing end of breakfast accordin‚Ä¶ https://t.co/Ckecip6g8Q,Sat Nov 14 21:30:10 +0000 2020
CNN,"CNN spoke to five families across the United States to hear how the grand, forced experiment of distance learning i‚Ä¶ https://t.co/GLDLjx8x78",Sat Nov 14 21:15:09 +0000 2020
CNN,"Disney's new robot may be the stuff of nightmares, but it's actually supposed to look more lifelike and respond to‚Ä¶ https://t.co/SwDlunJWZf",Sat Nov 14 21:01:10 +0000 2020
CNN,"While Democrats will have a majority next Congress, Republicans vastly outperformed expectations and nearly pulled‚Ä¶ https://t.co/0Zgmxiofgj",Sat Nov 14 20:44:07 +0000 2020
CNN,"While  Stop the Steal may sound like a new 2020 slogan, it emerged in 2016 as a campaign baselessly accusing Trump‚Ä¶ https://t.co/6hyrbDs2Yg",Sat Nov 14 20:31:09 +0000 2020
CNN,"Nevada Gov. Steve Sisolak, a Democrat, received a positive Covid-19 result from a rapid test and is awaiting result‚Ä¶ https://t.co/k6NQLMhV6B",Sat Nov 14 20:15:10 +0000 2020
CNN,"A foundation in British Columbia, Canada, is raising money to purchase West Ballenas Island, an undeveloped enclave‚Ä¶ https://t.co/UM8YzXUdxl",Sat Nov 14 20:00:06 +0000 2020
CNN,Several governors have issued stringent new measures to get the virus under control ahead of what could be a brutal‚Ä¶ https://t.co/76ODK74frP,Sat Nov 14 19:45:04 +0000 2020
CNN,"Returning to normal after having Covid-19 is a struggle, according to new research that found survivors were likely‚Ä¶ https://t.co/VO5xmkOJz0",Sat Nov 14 19:31:08 +0000 2020
CNN,"The death of Abu Mohammed al-Masri, whose real name was Abdullah Ahmed Abdullah, deprives al Qaeda of one of its be‚Ä¶ https://t.co/Zot0qHatmN",Sat Nov 14 19:15:07 +0000 2020
CNN,"Apple has unveiled its M1 processor chip, the company's first proprietary chip, that will power a new lineup of Mac‚Ä¶ https://t.co/NMsVhK51fV",Sat Nov 14 19:01:05 +0000 2020
CNN,"Sixty years ago, Ruby Bridges walked to school escorted by four federal marshals as a White mob hurled insults at h‚Ä¶ https://t.co/tP4EKhafE0",Sat Nov 14 18:45:05 +0000 2020
CNN,"A substantial number of users are following influential conservative voices onto an alternative platform, fueled by‚Ä¶ https://t.co/lvqT0QzOiv",Sat Nov 14 18:30:04 +0000 2020
CNN,"This week, there will be some not so familiar sights in the sky: seven planets will be visible at various points in‚Ä¶ https://t.co/sKHcKnKCGE",Sat Nov 14 18:15:08 +0000 2020
CNN,"Chris Nikic, 21, became the first person with Down syndrome to complete an Ironman triathlon. See the moment he cro‚Ä¶ https://t.co/2LGG1Obojl",Sat Nov 14 18:01:09 +0000 2020
CNN,He languished in prison for decades on a 505-year sentence. Now a judge is setting the convicted cartel money laund‚Ä¶ https://t.co/yyzQaB0hK0,Sat Nov 14 17:44:06 +0000 2020
CNN,"Will travel post-vaccine go back to how things were, or has your vacation been irrevocably changed? https://t.co/sZDkxZ5wKh",Sat Nov 14 17:30:05 +0000 2020
CNN,"Thomas Edelmann was born in Germany more than 25 years after the Allies defeated Hitler.
Yet last year, following a‚Ä¶ https://t.co/12YHzIzsDd",Sat Nov 14 17:15:07 +0000 2020
CNN,"Citing four people familiar with the matter, The New York Times reported that Trump's personal lawyer Rudy Giuliani‚Ä¶ https://t.co/81fOnq5Mip",Sat Nov 14 17:00:11 +0000 2020
CNN,"In one day, nine cases meant to attack President-elect Joe Biden's win in key states were denied or dropped, adding‚Ä¶ https://t.co/8Ge0eG1oZm",Sat Nov 14 16:44:03 +0000 2020
CNN,Now that Ivanka Trump's and Jared Kushner's Washington political lives are over -- the question for this once-golde‚Ä¶ https://t.co/7PTeh78Az4,Sat Nov 14 16:22:38 +0000 2020
CNN,An 85-year-old primary school in Shanghai has been lifted off the ground ‚Äî in its entirety ‚Äî and relocated using ne‚Ä¶ https://t.co/M6Is4QK9Nf,Sat Nov 14 16:01:05 +0000 2020
CNN,Virgin Hyperloop has completed the first test of its high-speed transportation technology with humans on board. The‚Ä¶ https://t.co/QGha8vlqfw,Sat Nov 14 15:01:02 +0000 2020
CNN,How to decline a Thanksgiving invitation due to the pandemic https://t.co/f2EH0r2WRn,Sat Nov 14 14:16:05 +0000 2020
CNN,"‚ÄúIn my 20 years as a journalist, I‚Äôve experienced crises and devastation around the world first-hand,""‚Ä¶ https://t.co/GQ9ITrsodS",Sat Nov 14 14:01:03 +0000 2020
CNN,"""I'm sick of being told that we all suck as a country.""

We listened to thousands of voicemails left by CNN viewers‚Ä¶ https://t.co/UIjjuc97gE",Sat Nov 14 13:01:06 +0000 2020
CNN,"Thanksgiving in Canada fell on October 12 this year, and as family and friends gathered, it fueled a widespread sur‚Ä¶ https://t.co/E7XOlVhOd4",Sat Nov 14 12:01:03 +0000 2020
CNN,Here's how a Joe Biden presidency could impact the world: https://t.co/wiAM2KO0hD https://t.co/FDfPKG8WsS,Sat Nov 14 11:01:04 +0000 2020
CNN,A California family built a 400-foot roller coaster inspired by the Matterhorn ride at Disneyland‚Ä¶ https://t.co/VlClALnJGn,Sat Nov 14 10:01:05 +0000 2020
CNN,"The fourth season of ""The Crown"" is dominated by two women, and neither is the Queen. Take a look at the series' Pr‚Ä¶ https://t.co/l6iirkqAJU",Sat Nov 14 09:31:05 +0000 2020
CNN,"Due to the planet's warming climate, hurricanes are maintaining their strength after landfall for much longer, and‚Ä¶ https://t.co/twco2TxS0m",Sat Nov 14 09:01:04 +0000 2020
CNN,"""President Trump will return to just plain old Donald Trump in January. And in case you forgot, there are at least‚Ä¶ https://t.co/oM3V2EcBty",Sat Nov 14 08:01:09 +0000 2020
CNN,The scientists who developed the Pfizer/BioNTech Covid-19 vaccine are a Turkish-German power couple‚Ä¶ https://t.co/EbOPFXAiKg,Sat Nov 14 07:01:04 +0000 2020
CNN,"Chris Nikic, 21, became the first person with Down syndrome to complete an Ironman triathlon. See the moment he cro‚Ä¶ https://t.co/5mPSHDHc7G",Sat Nov 14 06:01:05 +0000 2020
CNN,Former President Barack Obama directly confronts the racist politics of President Donald Trump in his upcoming memo‚Ä¶ https://t.co/XVmMqh6pD1,Sat Nov 14 05:01:06 +0000 2020
CNN,"""Now, Mr. President, if you're listening, let your final act carry a dignity that you have failed to evidence in th‚Ä¶ https://t.co/o4P1vYkO1f",Sat Nov 14 04:31:00 +0000 2020
CNN,"""He still will have 70 million people that he will try to rally around him,"" says @RepSpeier on Donald Trump's post‚Ä¶ https://t.co/cdMy2HNMEQ",Sat Nov 14 04:28:21 +0000 2020
CNN,"A new senior adviser at the Pentagon repeatedly said the US' support for Israel was the result of ""Israeli lobby"" m‚Ä¶ https://t.co/3JzeaWSv7K",Sat Nov 14 04:01:03 +0000 2020
CNN,"RT @CNNSitRoom: New York Gov. Andrew Cuomo responds to Pres. Trump's comments, saying, ""luckily he won't be here"" when a vaccine arrives. h‚Ä¶",Sat Nov 14 03:58:44 +0000 2020
CNN,"RT @AC360: ""Ya know what? It doesn't matter,"" says @AndersonCooper.

""I was about to start off tonight telling you about you-know-who and w‚Ä¶",Sat Nov 14 03:57:30 +0000 2020
CNN,"""Maybe our language is all wrong about this,"" says @donlemoncnn on how we talk about social distancing to stop the‚Ä¶ https://t.co/N1XfYaePNL",Sat Nov 14 03:55:53 +0000 2020
CNN,Lawyers for the Trump campaign have dropped a lawsuit seeking a review of all ballots cast in Arizona on Election D‚Ä¶ https://t.co/LKBcbqNPHt,Sat Nov 14 03:32:05 +0000 2020
CNN,"Funding for body cameras for sheriff's deputies in Kenosha County, Wisconsin, has been approved by the county board https://t.co/KPhojHBUu0",Sat Nov 14 03:20:50 +0000 2020
CNN,"This week, there will be some not so familiar sights in the sky: seven planets will be visible at various points in‚Ä¶ https://t.co/iNfpzyhJFv",Sat Nov 14 03:17:46 +0000 2020
CNN,"Those responding to Kim Ng becoming the first woman and Asian American to be an MLB GM with celebration are right,‚Ä¶ https://t.co/P8kQ5DILqI",Sat Nov 14 03:07:31 +0000 2020
CNN,"""He tries to bully people""

New York Gov. Andrew Cuomo has accused President Trump of trying to use a potential Cov‚Ä¶ https://t.co/CVVUaytuqw",Sat Nov 14 02:51:14 +0000 2020
CNN,"As President Trump refuses to acknowledge the reality that he lost the election, his Republican allies have backed‚Ä¶ https://t.co/3iirjRSSMZ",Sat Nov 14 02:47:05 +0000 2020
CNN,"California, which this week announced its 1 millionth Covid-19 case, is seeing the fastest rate of increase in the‚Ä¶ https://t.co/3xEnAo5aZ7",Sat Nov 14 02:44:25 +0000 2020
CNN,"More than 160,000 new coronavirus cases have been reported today in the US, according to Johns Hopkins University d‚Ä¶ https://t.co/j0NkhTAAE6",Sat Nov 14 02:34:33 +0000 2020
CNN,The George Floyd Memorial Foundation has teamed up with Texas A&amp;M University-Commerce to launch an internship progr‚Ä¶ https://t.co/1a2i7GAO6g,Sat Nov 14 02:26:49 +0000 2020
CNN,Read former White House chief of staff John Kelly's full statement: https://t.co/WsGCKnZ0hr,Sat Nov 14 02:18:39 +0000 2020
CNN,Former White House chief of staff John Kelly has lambasted President Trump for not helping with the transition to a‚Ä¶ https://t.co/9aGOLuq1BG,Sat Nov 14 02:16:54 +0000 2020
CNN,"A field hospital is to reopen in an area of Massachusetts that has Covid-19 cases ""trending in the wrong direction,‚Ä¶ https://t.co/FvdDC901Mq",Sat Nov 14 02:10:16 +0000 2020
CNN,Retail drug chain Walgreens says it is ‚Äúrapidly expanding‚Äù its ultra-cold storage capabilities to accommodate a pot‚Ä¶ https://t.co/bAOmgwECfV,Sat Nov 14 02:07:39 +0000 2020
CNN,"With races still to be called, at least 141 women will serve in Congress next year, breaking the record of 127 set‚Ä¶ https://t.co/mw7R3wa5GQ",Sat Nov 14 01:50:35 +0000 2020
CNN,"Phoenix police officials are reviewing the investigation into the death of Lori Vallow's third husband.

Vallow and‚Ä¶ https://t.co/uGBu7pUKSH",Sat Nov 14 01:27:56 +0000 2020
CNN,"A former manager for R. Kelly, who faces criminal charges of his own, is in the middle of plea negotiations, prosec‚Ä¶ https://t.co/Tiu1eDEsYJ",Sat Nov 14 01:14:19 +0000 2020
CNN,A group of federal prosecutors has urged AG William Barr to rescind his order for any prosecutor to examine allegat‚Ä¶ https://t.co/2iRxBdsgzc,Sat Nov 14 00:56:48 +0000 2020
CNN,Two judges in Pennsylvania have tossed a half dozen court cases the Trump campaign had brought to invalidate thousa‚Ä¶ https://t.co/yaBULTctfg,Sat Nov 14 00:27:08 +0000 2020
CNN,"The college football season appears to be in disarray after a 15th Division I game, scheduled for this Saturday, wa‚Ä¶ https://t.co/1QlionBFud",Sat Nov 14 00:13:54 +0000 2020
CNN,Secretary of State Pompeo will go to Europe and the Middle East in a seven-country trip that will include a stop at‚Ä¶ https://t.co/whFpV4EerB,Sat Nov 14 00:01:02 +0000 2020
CNN,"The Carter Center will monitor the ongoing hand recount of the 2020 presidential election in Georgia to ""help bolst‚Ä¶ https://t.co/aFgJY9QBwN",Fri Nov 13 23:54:41 +0000 2020
CNN,Tropical Storm Iota has been named by the National Hurricane Center. Iota is the 30th named storm this year and the‚Ä¶ https://t.co/BjRkMettt3,Fri Nov 13 23:29:07 +0000 2020
CNN,"Thanksgiving in Canada fell on October 12 this year, and as family and friends gathered, it fueled a widespread sur‚Ä¶ https://t.co/Zx80UxpogJ",Fri Nov 13 23:12:34 +0000 2020
CNN,"A new senior adviser at the Pentagon repeatedly said the US' support for Israel was the result of ""Israeli lobby"" m‚Ä¶ https://t.co/262vMgr5zW",Fri Nov 13 23:11:03 +0000 2020
CNN,A Kentucky judge overseeing the case of a former police officer charged for his alleged actions during the raid at‚Ä¶ https://t.co/nVc7mmmb2B,Fri Nov 13 23:08:26 +0000 2020
CNN,"With the US on the cusp of a coronavirus vaccine, states are scrambling to nail down their distribution plans as th‚Ä¶ https://t.co/ljucToLt7b",Fri Nov 13 22:47:32 +0000 2020
CNN,He languished in prison for decades on a 505-year sentence. Now a judge is setting the convicted cartel money laund‚Ä¶ https://t.co/w0GcFVzTko,Fri Nov 13 22:46:16 +0000 2020
CBSNews,"A 75-foot Christmas tree arrived in New York City's Rockefeller Center early Saturday morning, after making the lon‚Ä¶ https://t.co/zpRfJmw7QA",Sun Nov 15 16:00:01 +0000 2020
CBSNews,RT @CBSSunday: Pie art: One baker's delectable designs https://t.co/ZQy3a0eKCV https://t.co/yfgtfi9uMn,Sun Nov 15 15:41:36 +0000 2020
CBSNews,"RT @CBSSunday: Do Nothing For Two Minutes

Take a breath, turn up the volume as we take you to Tahoe National Forest, northwest of Lake Tah‚Ä¶",Sun Nov 15 15:41:27 +0000 2020
CBSNews,"While rallying in support of President Trump in Washington, D.C., ""Million MAGA March"" attendees continued to tout‚Ä¶ https://t.co/PeCa4I2Pto",Sun Nov 15 15:24:59 +0000 2020
CBSNews,"More than 184,000 COVID-19 cases reported in U.S. in one day, shattering previous record https://t.co/JYhTZDzO8j",Sun Nov 15 15:00:05 +0000 2020
CBSNews,RT @CBSSunday: Goldie Hawn and Kurt Russell on sharing love - and the screen - together https://t.co/3kHT7qJUck https://t.co/whNciPkmTs,Sun Nov 15 14:59:45 +0000 2020
CBSNews,Army identifies five American soldiers killed in Egypt helicopter crash https://t.co/IoI67TW7nW,Sun Nov 15 14:39:58 +0000 2020
CBSNews,"RT @CBSSunday: Former President @BarackObama speaks out on politics, the presidency, and President Donald Trump https://t.co/gYpKgjqBgt htt‚Ä¶",Sun Nov 15 14:28:20 +0000 2020
CBSNews,RT @CBSSunday: Former President @BarackObama reveals to @GayleKing what motivated him in his support of President-elect Joe Biden during th‚Ä¶,Sun Nov 15 14:28:09 +0000 2020
CBSNews,"RT @CBSSunday: ""It's very hard for our democracy to function if we are operating on just completely different sets of facts.""

Former Presi‚Ä¶",Sun Nov 15 14:27:58 +0000 2020
CBSNews,"Trump's motorcade passes supporters gathered for ""Million MAGA March"" https://t.co/act7sHEask",Sun Nov 15 14:19:44 +0000 2020
CBSNews,Major fur auctioneer to shut down following link between mink and COVID-19 in Demark https://t.co/RNdEVyCJ01,Sun Nov 15 13:59:57 +0000 2020
CBSNews,Ex-girlfriend of dark web mastermind on dating a man wanted by the FBI https://t.co/PQQJ2xJNqB,Sun Nov 15 13:40:00 +0000 2020
CBSNews,"Cori Bush says Republican colleagues called her ""Breonna"" while wearing Breonna Taylor mask https://t.co/3iISqH5PQ4",Sun Nov 15 13:19:31 +0000 2020
CBSNews,Christmas Tree arrives in New York City's Rockefeller Center https://t.co/7wTwWRnfWI,Sun Nov 15 13:00:00 +0000 2020
CBSNews,COVID-19 vaccine: The taxpayers' gamble https://t.co/kmpl9Xp57w,Sun Nov 15 12:39:31 +0000 2020
CBSNews,"China congratulates Joe Biden on election win: ""We respect the choice of the American people"" https://t.co/sYjBY0f1xc",Sun Nov 15 12:19:52 +0000 2020
CBSNews,Illinois governor urges people to quarantine ahead of Thanksgiving gatherings https://t.co/M5zEqz2iis,Sun Nov 15 11:59:30 +0000 2020
CBSNews,Florida man becomes first person with Down syndrome to finish Ironman triathlon https://t.co/k1tFyCbxk0,Sun Nov 15 11:39:49 +0000 2020
CBSNews,A botched statue in Spain is gaining global attention https://t.co/iyb2yjNSFg,Sun Nov 15 11:19:35 +0000 2020
CBSNews,Atlas 5 rocket with spy satellite aboard blasts off in spectacular sunset launch https://t.co/R9OhES2Spv,Sun Nov 15 10:59:45 +0000 2020
CBSNews,"As holidays approach, Fauci discusses COVID-19 ""risk/benefit ratio"" https://t.co/Z9vCTOtG1H",Sun Nov 15 10:40:00 +0000 2020
CBSNews,"Ring recalls 350,000 video doorbells because they can catch fire https://t.co/EV2KNVJVFB",Sun Nov 15 10:19:57 +0000 2020
CBSNews,Scientists discover bizarre hell planet where it rains rocks and oceans are made of lava https://t.co/VFp03D4Ruw,Sun Nov 15 09:59:54 +0000 2020
CBSNews,"Archaeologists uncover 1,000-year-old Viking ship burial site in Norway https://t.co/t1ZBO50L8E",Sun Nov 15 09:39:37 +0000 2020
CBSNews,"Restaurants, gyms, hotels pose highest COVID-19 risk, study says https://t.co/zKMEbphDae",Sun Nov 15 09:19:37 +0000 2020
CBSNews,"""Yorkshire Ripper"" serial killer Peter Sutcliffe dies in U.K. after COVID-19 diagnosis https://t.co/CcncAix3Os",Sun Nov 15 08:59:59 +0000 2020
CBSNews,"Who will replace Alex Trebek? Gambling website lists Ken Jennings, Neil deGrasse Tyson as possible ""Jeopardy!"" host‚Ä¶ https://t.co/89VMz4o6LR",Sun Nov 15 08:39:33 +0000 2020
CBSNews,Four hospital workers win $6 million after playing the lottery together for a year https://t.co/CH8gdQLDQn,Sun Nov 15 08:19:52 +0000 2020
CBSNews,New Yorker fires staff writer Jeffrey Toobin after Zoom exposure incident https://t.co/KhSlYE6ydK,Sun Nov 15 07:59:29 +0000 2020
CBSNews,"Japanese town deploys growling ""Monster Wolf"" robots to scare away wild bears https://t.co/3UT7KZMts7",Sun Nov 15 07:39:40 +0000 2020
CBSNews,Biden adviser floats possible 6-week lockdown to slow spread of COVID-19 https://t.co/9GrYnpPQT4,Sun Nov 15 07:19:39 +0000 2020
CBSNews,Minnesota Governor Tim Walz addresses record COVID-19 cases as new restrictions go into effect https://t.co/DPirbeXOHO,Sun Nov 15 07:00:00 +0000 2020
CBSNews,Chilling details revealed as police investigate deaths of JJ Vallow and Tylee Ryan https://t.co/lEEtEINc7r,Sun Nov 15 06:39:42 +0000 2020
CBSNews,"Incoming House member says ""masks are oppressive"" as U.S. breaks record for daily COVID-19 cases https://t.co/POLWWAM4Rv",Sun Nov 15 06:19:45 +0000 2020
CBSNews,Opposing protesters clash in Washington D.C. https://t.co/uZuL20kvRc,Sun Nov 15 05:59:51 +0000 2020
CBSNews,Bond denied for father and son accused of killing Ahmaud Arbery https://t.co/hg82sZCSoT,Sun Nov 15 05:39:42 +0000 2020
CBSNews,"As PlayStation 5, Xbox sell out for $500, eBay resellers are asking up to $32,000 https://t.co/lwTGLxOCbT",Sun Nov 15 05:19:29 +0000 2020
CBSNews,Inside the Operation Warp Speed effort to get Americans a COVID-19 vaccine https://t.co/PYbMTLrTuJ,Sun Nov 15 05:00:00 +0000 2020
CBSNews,"Judge blocks Trump administration's ""public charge"" wealth test for green cards https://t.co/Rg4BIa2AcX",Sun Nov 15 04:39:47 +0000 2020
CBSNews,North Dakota says health workers with COVID-19 who don't show symptoms can keep working https://t.co/OfpyhgJST6,Sun Nov 15 04:19:47 +0000 2020
CBSNews,"Tropical Storm Iota, brewing in the Caribbean Sea, is the 30th named storm of the season https://t.co/BnCUVVwLrV",Sun Nov 15 04:00:00 +0000 2020
CBSNews,Trump says COVID-19 vaccine will be widely available by April but not to New York due to Cuomo's restrictions https://t.co/x1v6BT4vRD,Sun Nov 15 03:39:51 +0000 2020
CBSNews,Oregon becomes the first state to decriminalize hard drugs like cocaine and heroin https://t.co/9SvDBGDWNE,Sun Nov 15 03:19:30 +0000 2020
CBSNews,Christmas Tree arrives in New York City's Rockefeller Center https://t.co/Y57y20S2vW,Sun Nov 15 03:00:00 +0000 2020
CBSNews,Biden begins to consider White House staff appointments https://t.co/dNVFrEzdG0,Sun Nov 15 02:39:46 +0000 2020
CBSNews,"Trump's motorcade passes supporters gathered for ""Million MAGA March"" https://t.co/6mVWSgIl8W",Sun Nov 15 02:19:52 +0000 2020
CBSNews,NASA ushering in new era with first operational launch of SpaceX Crew Dragon carrying 4 astronauts https://t.co/yHKpX5lT5V,Sun Nov 15 01:59:55 +0000 2020
CBSNews,"""It's hard to watch someone struggling to breathe and see the regret that they have,"" an ICU nurse who treats COVID‚Ä¶ https://t.co/vPoOR9PiWU",Sun Nov 15 01:39:44 +0000 2020
CBSNews,Can farming hemp help fight climate change? https://t.co/1JVrAOo9Ib,Sun Nov 15 01:19:49 +0000 2020
CBSNews,"RT @camiloreports: NEW ‚Äî Another federal court has found that Pres. Trump's top DHS official Chad Wolf was unlawfully appointed, and that h‚Ä¶",Sun Nov 15 01:13:08 +0000 2020
CBSNews,"Chad Wolf did not have the authority to restrict DACA program, federal judge rules https://t.co/vkm4S6TQZD",Sun Nov 15 00:59:59 +0000 2020
CBSNews,"Austria tightens COVID-19 lockdown: ""Meet nobody,"" chancellor says https://t.co/T9dJFiriB1",Sun Nov 15 00:39:49 +0000 2020
CBSNews,"Kamala Harris, set to be first South Asian American VP, sends out wishes for happy Diwali
https://t.co/DEqlJQwL6y https://t.co/KneMk1I1v2",Sun Nov 15 00:19:40 +0000 2020
CBSNews,"Former President Obama says President Trump's baseless election fraud claims put democracy on a ""dangerous path""  https://t.co/es1qZFKCwv",Sun Nov 15 00:00:02 +0000 2020
CBSNews,President-elect Joe Biden doesn't need Congress to step up the fight against climate change  https://t.co/acEpcmclYK,Sat Nov 14 23:39:51 +0000 2020
CBSNews,Woman watching pig livestream jumps into action after barn catches fire  https://t.co/LjI3wFBrOB,Sat Nov 14 23:20:00 +0000 2020
CBSNews,Suicide claimed more Japanese lives in October than 10 months of COVID-19  https://t.co/Cb8Hlolj36,Sat Nov 14 23:00:01 +0000 2020
CBSNews,"Biden COVID-19 adviser: Indoor dining ""far riskier"" than schools for virus transmission  https://t.co/3OHSF7CbrA",Sat Nov 14 22:39:34 +0000 2020
CBSNews,Exit poll analysis: Which voters supported Biden or Trump in Georgia and North Carolina? https://t.co/MRf7ZtNbCO,Sat Nov 14 22:19:43 +0000 2020
CBSNews,El Paso businesses reopen after court blocks shutdown order  https://t.co/PGbGNWvxtm,Sat Nov 14 22:00:00 +0000 2020
CBSNews,"As holidays approach, Dr. Anthony Fauci discusses COVID-19 ""risk/benefit ratio""  https://t.co/IA9C9oHpFx",Sat Nov 14 21:39:30 +0000 2020
CBSNews,North Dakota says health workers with COVID-19 who don't show symptoms can keep working  https://t.co/uLLhpJM3Yd,Sat Nov 14 21:19:48 +0000 2020
CBSNews,"While rallying in support of President Trump in Washington, D.C., ""Million MAGA March"" attendees continued to tout‚Ä¶ https://t.co/xlgP6FmGic",Sat Nov 14 21:00:15 +0000 2020
CBSNews,Revised U.S. citizenship test will require immigrants to answer more questions https://t.co/IGQc6tGjA6,Sat Nov 14 20:40:00 +0000 2020
CBSNews,"President Trump's motorcade passes supporters gathered in Washington, D.C., for ""Million MAGA March""  https://t.co/zZwEjYwfqg",Sat Nov 14 20:19:54 +0000 2020
CBSNews,NASA ushering in new era with first operational launch of SpaceX Crew Dragon carrying 4 astronauts; launch targeted‚Ä¶ https://t.co/T9v433KMIK,Sat Nov 14 20:00:02 +0000 2020
CBSNews,President-elect Joe Biden begins to consider White House staff appointments  https://t.co/PQj1Zo1FD1,Sat Nov 14 19:40:00 +0000 2020
CBSNews,"A 75-foot Christmas tree arrived in New York City's Rockefeller Center early Saturday morning, after making the lon‚Ä¶ https://t.co/hMpbyvDy6B",Sat Nov 14 19:20:05 +0000 2020
CBSNews,"Austria tightens COVID-19 lockdown: ""Meet nobody,"" chancellor says https://t.co/BIywQBN3GX",Sat Nov 14 18:47:33 +0000 2020
CBSNews,"Trump supporters gather for ‚ÄúMillion MAGA March‚Äù in Washington, D.C. to protest election results‚Ä¶ https://t.co/uz1umAiZ2Z",Sat Nov 14 18:25:45 +0000 2020
CBSNews,Can farming hemp help fight climate change?  https://t.co/PgxdQBFrnJ,Sat Nov 14 18:00:00 +0000 2020
CBSNews,"President Trump, en route to a golf outing, passes through a crowd of cheering supporters at the ""Million MAGA Marc‚Ä¶ https://t.co/2fh3a9AwAi",Sat Nov 14 17:39:59 +0000 2020
CBSNews,Army identifies five American soldiers killed in Egypt helicopter crash https://t.co/3lZnKmrssT,Sat Nov 14 17:19:51 +0000 2020
CBSNews,RT @MikevWUSA: VIDEO: POTUS waving to Million MAGA March from his motorcade. He can be seen in the right back seat window. @WUSA9 @CBSNews‚Ä¶,Sat Nov 14 17:07:18 +0000 2020
CBSNews,"RT @BoKnowsNews: Biden is back on the bike: He's been spending time in Rehoboth Beach, DE @cbsnews https://t.co/FKfInfNKC3",Sat Nov 14 17:05:38 +0000 2020
CBSNews,"President-elect Joe Biden and Jill Biden ride bikes in Rehoboth, De., on Saturday while accompanied by a large Secr‚Ä¶ https://t.co/9vJp52UrJh",Sat Nov 14 17:00:11 +0000 2020
CBSNews,Major fur auctioneer to shut down following link between mink and COVID-19 in Demark https://t.co/eKUmXFKS3y,Sat Nov 14 16:39:53 +0000 2020
CBSNews,"RT @CBSThisMorning: On Friday, for a fourth straight day, a record high was set for new Covid-19 infections in the U.S. as more than 184,00‚Ä¶",Sat Nov 14 16:28:35 +0000 2020
CBSNews,Pompeo arrives in Paris for first leg of seven-country tour  https://t.co/9FTXparYrN,Sat Nov 14 16:26:52 +0000 2020
CBSNews,Christmas Tree arrives in New York City's Rockefeller Center https://t.co/7qyTKF6ywW,Sat Nov 14 16:00:01 +0000 2020
CBSNews,"Tropical Storm Iota, brewing in the Caribbean Sea, is the 30th named storm of the season https://t.co/1gPfJ48Cpv",Sat Nov 14 15:40:00 +0000 2020
CBSNews,"NEW: More than 184,000 COVID-19 cases reported in U.S. in one day, shattering previous record https://t.co/bd1ncx2dB6",Sat Nov 14 15:19:32 +0000 2020
CBSNews,"RT @CBSThisMorning: President-elect Joe Biden is pushing ahead with transition plans, despite President Trump's decision not to concede or‚Ä¶",Sat Nov 14 15:19:30 +0000 2020
CBSNews,Joe Biden becomes first Democrat to win Arizona since 1996 https://t.co/wAWWjw2ZbM,Sat Nov 14 15:00:06 +0000 2020
CBSNews,Suicide claimed more Japanese lives in October than 10 months of COVID https://t.co/RmJLrowVm9,Sat Nov 14 14:39:43 +0000 2020
CBSNews,"Justice Department: Ex-top prosecutor exercised ""poor judgment"" in Epstein plea deal https://t.co/oQ4nk19b4U",Sat Nov 14 14:20:00 +0000 2020
CBSNews,CDC says face masks can protect wearers ‚Äî not just others https://t.co/GN6Y9ebQgn,Sat Nov 14 14:00:00 +0000 2020
CBSNews,California becomes 2nd state to hit 1 million coronavirus cases https://t.co/edaZTq58fm,Sat Nov 14 13:39:35 +0000 2020
CBSNews,"2 killed in explosion at VA hospital in West Haven, Connecticut https://t.co/xIoXLXzWHb",Sat Nov 14 13:19:57 +0000 2020
CBSNews,"""Yorkshire Ripper"" serial killer Peter Sutcliffe dies in U.K. after COVID-19 diagnosis https://t.co/UMsV975sqm",Sat Nov 14 13:00:00 +0000 2020
CBSNews,CEOs may press lawmakers to ensure smooth transition to Biden https://t.co/5fjbtPp2gz,Sat Nov 14 12:39:52 +0000 2020
CBSNews,"As holidays approach, Fauci discusses COVID-19 ""risk/benefit ratio"" https://t.co/2zADdRFHBL",Sat Nov 14 12:19:52 +0000 2020
CBSNews,Is TikTok a national security threat? https://t.co/2oKSxiedmQ,Sat Nov 14 11:59:41 +0000 2020
CBSNews,"Restaurants, gyms, hotels pose highest COVID-19 risk, study says https://t.co/6k8quHSJD7",Sat Nov 14 11:39:34 +0000 2020
CBSNews,"New York City mayor warns schools may close ""as early as Monday"" as city nears positivity rate threshold https://t.co/VP2afy3Q66",Sat Nov 14 11:19:29 +0000 2020
CBSNews,Former White House chief of staff Andy Card says delayed transition could harm national security https://t.co/eV9oa9Jh69,Sat Nov 14 10:59:35 +0000 2020
CBSNews,Atlas 5 rocket with spy satellite aboard blasts off in spectacular sunset launch https://t.co/2IYblbuasd,Sat Nov 14 10:39:45 +0000 2020
CBSNews,Nevada governor tests positive for COVID-19 https://t.co/H1PFpaWTKL,Sat Nov 14 10:19:38 +0000 2020
CBSNews,North Dakota says health workers with COVID-19 who don't show symptoms can keep working https://t.co/YNCBR6voNi,Sat Nov 14 09:59:53 +0000 2020
FoxNews,"Biden advisers differ on national coronavirus lockdown, as one calls it 'measure of last resort' https://t.co/VZxM30DMxL",Sun Nov 15 15:41:32 +0000 2020
FoxNews,"Abu Mohammed al-Masri, Al Qaeda's No. 2, killed in US-Israel joint operation in Iran https://t.co/l4xDVYDosj",Sun Nov 15 14:48:27 +0000 2020
FoxNews,"Trump says for first time that Biden 'won,' blaming 'rigged' election https://t.co/5tl0IAM7aV",Sun Nov 15 14:05:00 +0000 2020
FoxNews,"House Dems' backslide 'upsetting' for AOC, while Pelosi claims 'credit' for keeping majority https://t.co/Y9L8MmGkSa",Sun Nov 15 13:00:00 +0000 2020
FoxNews,"Trump blasts 'ANTIFA SCUM,' media as MAGA march in DC descends into night of violence, arrests https://t.co/VBrBNDghBP",Sun Nov 15 12:00:22 +0000 2020
FoxNews,"Crowds of President Trump supporters are gathering in Washington, D.C., for demonstrations.
https://t.co/CFjfqxKZI2",Sat Nov 14 16:33:21 +0000 2020
FoxNews,"As violent crime surges across the nation of 126 million, activists are asking if it's time to loosen firearms rest‚Ä¶ https://t.co/xZI0YrXkML",Sat Nov 14 15:58:46 +0000 2020
FoxNews,"The U.S. Army announced the deaths of five soldiers who were part of peacekeeping operations.
https://t.co/DlXdpHE8Y7",Sat Nov 14 14:05:27 +0000 2020
FoxNews,"Acting Defense Secretary Christopher Miller shared his first message with U.S. troops.
https://t.co/1AXg2Lujlw",Sat Nov 14 12:29:26 +0000 2020
FoxNews,"Miami Republicans flipped seats in two South Florida congressional districts.
https://t.co/1GgMBnmJW2",Sat Nov 14 11:55:12 +0000 2020
FoxNews,Pelosi scraps in-person dinner with new Democrat members of Congress after photo sparks backlash during COVID https://t.co/P3UvklVoR3,Sat Nov 14 02:27:02 +0000 2020
FoxNews,RT @FoxBusiness: Wegmans joins Costco in dropping coconut milk after monkey abuse complaints https://t.co/rzT8iPLbG5,Sat Nov 14 01:00:10 +0000 2020
FoxNews,"RT @FoxBusiness: Fueled by coronavirus pandemic, home prices surge across US https://t.co/Onwyo8Vjqp",Sat Nov 14 01:00:01 +0000 2020
FoxNews,Pelosi gets backlash for planned dinner for Democrats as COVID cases rise https://t.co/P3UvklVoR3,Sat Nov 14 00:58:29 +0000 2020
FoxNews,Geraldo details conversation with Trump about election results https://t.co/us8KjrO8nF,Sat Nov 14 00:26:39 +0000 2020
FoxNews,Biden HUD secretary frontrunner praised top communist as her 'mentor' https://t.co/4dWPsXQpTA,Fri Nov 13 23:31:12 +0000 2020
FoxNews,Chicago mayor defends appearing at large Biden celebration days before issuing Thanksgiving lockdown https://t.co/eGrEsoBb5B,Fri Nov 13 22:57:48 +0000 2020
FoxNews,Trump calls out Cuomo on stunting vaccine distribution during Rose Garden speech https://t.co/EFmsSk9OpR,Fri Nov 13 22:52:08 +0000 2020
FoxNews,Calif. Gov. Newsom attended party last week as state prepares for Thanksgiving limitations: Report https://t.co/AS8AJUwZi9,Fri Nov 13 22:29:40 +0000 2020
FoxNews,Trump projected to win this additional state after prolonged post-Election Day vote count https://t.co/nYtdzB0X9L,Fri Nov 13 21:01:24 +0000 2020
FoxNews,New York GOP congresswoman-elect reveals interest in forming House anti-socialist 'Squad' https://t.co/1WNKzPBHj0,Fri Nov 13 20:50:30 +0000 2020
FoxNews,Biden's picks for transition team the latest sign of a radically different approach to immigration https://t.co/hriZO8n2xT,Fri Nov 13 20:46:11 +0000 2020
FoxNews,"Ga. Democratic Senate hopeful Warnock hits back against Loeffler campaign attacks in new ads of his own
https://t.co/uFWmU9VFjt",Fri Nov 13 18:33:35 +0000 2020
FoxNews,"Louisville police accused of concealing records on officer abuse of Explorer Scouts
https://t.co/0wvYdHVx1Q",Fri Nov 13 17:25:57 +0000 2020
FoxNews,"Serious injuries reported in explosion at Connecticut VA hospital
https://t.co/eLB0unsBwF",Fri Nov 13 15:54:21 +0000 2020
FoxNews,"Arkansas suspect who fatally shot police officer captured in Mississippi: officials
https://t.co/Ob36IyJAsk",Fri Nov 13 15:53:58 +0000 2020
FoxNews,"'We need to stop being so reactionary': AOC fires back at teen when asked about defunding police
https://t.co/UEdagK9szn",Fri Nov 13 14:32:35 +0000 2020
FoxNews,"Georgia begins hand recount amid GOP infighting in state
https://t.co/mjMnR7wLNN",Fri Nov 13 13:49:39 +0000 2020
FoxNews,"Bernie Sanders blasts 'corporate Democrats' for attacking progressive policies
https://t.co/DLZDaMFPua",Fri Nov 13 13:42:45 +0000 2020
FoxNews,"RT @FoxBusiness: Biden could alter Big Tech's Section 230 protections, reinstate 'net neutrality' https://t.co/tZY39BiDfU",Fri Nov 13 12:57:31 +0000 2020
FoxNews,"House Minority Leader McCarthy: When given choice between socialism and freedom, voters spoke up
https://t.co/VRoc1YxyjN",Fri Nov 13 12:57:19 +0000 2020
FoxNews,"Supreme Court justice raises alarm over growing intolerance, acceptance of restrictions on liberty
https://t.co/WnjV91Q3Tx",Fri Nov 13 12:16:32 +0000 2020
FoxNews,AOC hits Joe Manchin with a stone-cold death stare after moderate Dem opposes 'crazy socialist agenda' https://t.co/g2pgVIcg53,Fri Nov 13 02:18:20 +0000 2020
FoxNews,NY Times reporter tweets profane coronavirus message https://t.co/K5jQ17kVbZ,Fri Nov 13 02:16:56 +0000 2020
FoxNews,Senate Republican re-election arm touts ‚Äòmajor investments‚Äô in Georgia runoffs https://t.co/408w1j0MVO,Fri Nov 13 02:14:57 +0000 2020
FoxNews,Biden cabinet favorite vouched for domestic abuser's character -- then he murdered his ex-wife https://t.co/zVbHaV1a2h,Thu Nov 12 23:24:49 +0000 2020
FoxNews,"Obama says 'jury's still out' on whether American democracy can work in presidential memoir
https://t.co/9v8hfbNTdp",Thu Nov 12 23:23:14 +0000 2020
FoxNews,DOJ finds ‚Äòpoor judgment‚Äô but no misconduct by Alexander Acosta in Jeffrey Epstein sex trafficking case https://t.co/kpqiZYHDQ0,Thu Nov 12 21:50:41 +0000 2020
FoxNews,RT @FoxBusiness: 2020 Christmas shipping deadlines: Here's when you need to mail gifts https://t.co/MpsVaMCvvw,Thu Nov 12 21:35:20 +0000 2020
FoxNews,"RT @FoxBusiness: Bitcoin reaches $16K, highest level since 2018 https://t.co/KOSnNfeYEa",Thu Nov 12 21:34:55 +0000 2020
FoxNews,Judge dismisses Trump campaign‚Äôs libel lawsuit against CNN after court finds no malice https://t.co/zHgfDpsq6E,Thu Nov 12 21:34:05 +0000 2020
FoxNews,"Twitter remains 'vigilant' in protecting 'integrity' of election conversation, flags 300K tweets as misleading https://t.co/CxClX9O6gy",Thu Nov 12 21:31:43 +0000 2020
FoxNews,Nikki Haley warns of Bernie Sanders as next Senate budget chair if Dems win Georgia races https://t.co/dyOFaiHMSh,Thu Nov 12 21:26:44 +0000 2020
FoxNews,"Judge: Pa. secretary of state overstepped authority by changing election identification deadline
https://t.co/U0UgHVIiKw",Thu Nov 12 18:35:28 +0000 2020
FoxNews,"Senior State official: Expect a steady stream of sanctions on Iran through end of the administration
https://t.co/GZRX88Dxmu",Thu Nov 12 18:15:19 +0000 2020
FoxNews,"Children's doctor suspected in 'racially motivated' attack on Southern University student-athlete arrested
https://t.co/nx45am31Q4",Thu Nov 12 18:02:56 +0000 2020
FoxNews,"Graham to counter 'tsunami of liberal money' by donating $1M to help Georgia Senate candidates
https://t.co/XHtLpRqIPf",Thu Nov 12 17:12:58 +0000 2020
FoxNews,"LA 'defund' police budget cuts force department to dissolve sexual assault unit that investigated Weinstein
https://t.co/Az5afVev8v",Thu Nov 12 16:59:08 +0000 2020
FoxNews,"Republicans hope to put Chuck Schumer in spotlight amid Georgia runoffs and battle for Senate control
https://t.co/TmqJm1K9OB",Thu Nov 12 16:33:26 +0000 2020
FoxNews,"Suzanne Morphew case: Colorado authorities renew call for info on missing mom 6 months after disappearance
https://t.co/ryqgtyQmPo",Thu Nov 12 16:06:00 +0000 2020
FoxNews,"Top Democrats jockeying for Biden Cabinet posts see hopes shrink after lackluster election results
https://t.co/e4YZ02b79m",Thu Nov 12 15:47:25 +0000 2020
FoxNews,"5 American troops killed in military helicopter crash off Egypt's Sinai Peninsula
https://t.co/LGg8y93La4",Thu Nov 12 14:50:26 +0000 2020
FoxNews,"'Disgusting': GOP campaign demands answers as allegations against Democratic Ga. Senate candidate resurface
https://t.co/SQuMnWQCZD",Thu Nov 12 14:13:11 +0000 2020
FoxNews,"RT @FoxBusiness: JUST IN: Another 709,000 Americans filed for jobless aid last week https://t.co/Hi3777vxJ4",Thu Nov 12 14:12:09 +0000 2020
FoxNews,"Tropical Storm Eta makes landfall in Florida, man dies after being electrocuted in standing water
https://t.co/CP0bYI9bDf",Thu Nov 12 13:44:01 +0000 2020
FoxNews,"Ronald Klain, Biden's new chief of staff, raises eyebrows with 2014 tweet saying elections are 'rigged'
https://t.co/l5MiUlMkJe",Thu Nov 12 13:16:36 +0000 2020
FoxNews,"Jennifer Kesse disappearance: Newly released police photos suggest violent struggle
https://t.co/BS3p3UulcP",Thu Nov 12 12:09:00 +0000 2020
FoxNews,"Portland attacker Marquise Love sentenced to nearly two years in protest beating
https://t.co/uPt1m8YcIC",Thu Nov 12 11:45:32 +0000 2020
FoxNews,"CMA Awards 2020 kicks off with star-studded tribute to Charlie Daniels

https://t.co/q67gzVbKLq",Thu Nov 12 02:28:11 +0000 2020
FoxNews,"With backing from Trump, RNC chair McDaniel expected to run for another term

https://t.co/Od8rifIduu",Thu Nov 12 02:27:23 +0000 2020
FoxNews,"Biden selects Ronald Klain as White House chief of staff

https://t.co/XpuyKZac0L",Thu Nov 12 01:33:42 +0000 2020
FoxNews,"MSNBC's Hayes hits Trump for not pushing 'virtual' Thanksgiving after cheering crowds celebrating Biden

https://t.co/yJzHlgaCu4",Thu Nov 12 00:06:41 +0000 2020
FoxNews,"Minneapolis police, city officials clash over need for funding for outside forces

https://t.co/rN0P0VE65y",Wed Nov 11 23:48:29 +0000 2020
FoxNews,"BLM co-founder sends message to Biden: 'We want something for our vote'

https://t.co/AXL1oAq60b",Wed Nov 11 21:48:45 +0000 2020
FoxNews,"Arizona judge denies Trump team request to seal evidence in vote-counting suit

https://t.co/nf89TitBtL",Wed Nov 11 21:26:55 +0000 2020
FoxNews,"Biden wants mask mandate in every state to fight coronavirus ‚Äî but these governors won't commit

https://t.co/VWF2mAuWJs",Wed Nov 11 21:25:27 +0000 2020
FoxNews,"Democrats' infighting over 'defund the police' movement heats up as AOC, 'Squad' refuse to back down

https://t.co/Y26vWghKBV",Wed Nov 11 21:24:55 +0000 2020
FoxNews,"BREAKING: Cuomo cracks down on bars, gyms, restaurants as coronavirus cases climb again

https://t.co/auERdedllN",Wed Nov 11 19:47:14 +0000 2020
FoxNews,"Biden pulls from former Bernie Sanders, Elizabeth Warren staffers to fill out transition team

https://t.co/bbIJByw9SX",Wed Nov 11 19:46:37 +0000 2020
FoxNews,"First Navy Columbia-class nuclear-armed missile sub to arrive in 2027
https://t.co/e6aQYkdRAN",Wed Nov 11 18:49:32 +0000 2020
FoxNews,"Republicans take aim at ‚Äòextreme‚Äô Warnock in Georgia Senate runoff showdown
https://t.co/SwPFxEOmxU",Wed Nov 11 18:15:03 +0000 2020
FoxNews,"GOP one win away from Senate majority after Republican wins reelection in Alaska, Democrats fail to expand map
https://t.co/btgmZJvguX",Wed Nov 11 17:26:22 +0000 2020
FoxNews,"Georgia to manually recount every ballot as Biden leads by 14K votes
https://t.co/Wf2NfLiEnS",Wed Nov 11 17:13:57 +0000 2020
FoxNews,"Pope Francis vows to end sexual abuse after McCarrick report
https://t.co/jIBz352nLc",Wed Nov 11 15:51:11 +0000 2020
FoxNews,"Trump rips pre-election Wisconsin poll showing him down 17 points as 'suppression'
https://t.co/JxmSfcGKTX",Wed Nov 11 15:16:46 +0000 2020
FoxNews,"Female veterans pose as pin-ups to help raise money for American heroes
https://t.co/ikNhhKBLma",Wed Nov 11 14:04:39 +0000 2020
FoxNews,"Biden lawyer accuses Trump of trying to 'interfere with the inevitable' as transition awaits GSA funds
https://t.co/irMw113dRI",Wed Nov 11 13:16:38 +0000 2020
FoxNews,"NASA has certified Elon Musk's SpaceX to carry astronauts, ending its reliance on Russia
https://t.co/dxbQzxKSeI",Wed Nov 11 13:16:26 +0000 2020
FoxNews,RT @FoxBusiness: Pfizer CEO unloads $5.6M of stock as coronavirus vaccine hopes send shares soaring https://t.co/HiPsRXXHsm,Wed Nov 11 13:16:04 +0000 2020
FoxNews,"Who will Biden's cabinet picks be? Here are some leading contenders
https://t.co/FTOzsqghoM",Wed Nov 11 12:15:48 +0000 2020
FoxNews,"James Carville says 'woke' people need to take 'nap' after down-ballot Dem losses
https://t.co/MaaRsmCfRd",Wed Nov 11 10:48:18 +0000 2020
FoxNews,"GOP-bashing, softball questions take center stage at Biden's first presser as president-elect https://t.co/qeQDdnAWb4",Wed Nov 11 02:20:55 +0000 2020
FoxNews,RT @FoxBusiness: Shaq shaves $3 million off asking price for Florida home ‚Äî check out the gorgeous photos https://t.co/L7pIVj53eA,Wed Nov 11 01:50:48 +0000 2020
FoxNews,"RT @FoxBusiness: Amazon‚Äôs Ring recalls 350,000 video doorbells https://t.co/e07zGs6tGp",Wed Nov 11 01:50:33 +0000 2020
FoxNews,Sunny Hostin sides with AOC's blacklist: Trump officials 'need to be held accountable' https://t.co/SFY4dm6dqb,Wed Nov 11 01:49:55 +0000 2020
FoxNews,Biden coronavirus adviser wants US to distribute vaccine globally before it's available to all Americans https://t.co/FYXTDKO2zw,Wed Nov 11 01:47:29 +0000 2020
FoxNews,"Biden transition hangs in limbo, awaiting GSA certification https://t.co/P6cOerA6ga",Wed Nov 11 01:45:57 +0000 2020
FoxNews,Thom Tillis victory marks another polling failure in 2020 elections https://t.co/6WcmE9973S,Wed Nov 11 01:44:23 +0000 2020
FoxNews,Ted Cruz accuses McCabe of being leak behind James Comey and Clinton Foundation probe in fiery exchange https://t.co/AYJLGhsqzg,Wed Nov 11 00:35:01 +0000 2020
FoxNews,Biden coronavirus adviser wants US to distribute vaccine globally before it's available to all Americans https://t.co/rRX8TTk2H2,Wed Nov 11 00:33:48 +0000 2020
FoxNews,McConnell blasts Dems for accepting Biden win after questioning validity of 2016 election https://t.co/19tPHDBmVX,Tue Nov 10 22:53:34 +0000 2020
FoxNews,"AOC's new 'Squad' members want to defund police, much more https://t.co/PN7sB21BEk",Tue Nov 10 22:52:37 +0000 2020
FoxNews,Cal Cunningham concedes to Thom Tillis in North Carolina Senate race https://t.co/QkcqEYQjca,Tue Nov 10 20:29:18 +0000 2020
FoxNews,RT @FoxBusiness: Congress unlikely to pass coronavirus relief deal before January https://t.co/fkKF4lm0KE,Tue Nov 10 20:16:12 +0000 2020
FoxNews,RT @FoxBusiness: US jobs market may not recover from coronavirus pandemic anytime soon https://t.co/pnoFzMHPdR,Tue Nov 10 20:15:59 +0000 2020
FoxNews,"At arguments, justices suspicious of GOP challenge to ObamaCare after Dems warned Barrett could overturn law https://t.co/qq9kLz68jh",Tue Nov 10 20:15:22 +0000 2020
FoxNews,Lawmakers grill McCabe over Russia probe as ex-FBI official says he regrets signing Page FISA https://t.co/uBHq7zYk5X,Tue Nov 10 20:14:05 +0000 2020
FoxNews,"Biden calls for unity, but some fellow Democrats contradict message with spite toward Trump supporters https://t.co/nuXXTUNZVi",Tue Nov 10 20:11:33 +0000 2020
FoxNews,"After Election Day, Biden's call for police oversight, officials' demands for defunding see renewed scrutiny https://t.co/YuH86DDUM4",Tue Nov 10 20:10:05 +0000 2020
FoxNews,"North Carolina Democrats: 'Thousands of outstanding votes to be cast' could swing races
https://t.co/drWP49d5lS",Tue Nov 10 17:47:37 +0000 2020
nytimes,Vice President-elect Kamala Harris has kept a low profile following her victory speech.  https://t.co/AOLtuRYnc8,Sun Nov 15 16:00:14 +0000 2020
nytimes,"Days after he was reported missing, a 15-year-old boy was found dead and disfigured in a sugar cane field. A prelim‚Ä¶ https://t.co/51iQyZvq9w",Sun Nov 15 15:40:06 +0000 2020
nytimes,"Food diaries, carb cutting and snack policing. As remote learning gives parents new insight into their children's s‚Ä¶ https://t.co/Gut1HCRpem",Sun Nov 15 15:20:02 +0000 2020
nytimes,"RT @AshleyAtTimes: The NYPD has ignored, reduced or rejected 71 percent of a police watchdog agency's most severe disciplinary recommendati‚Ä¶",Sun Nov 15 15:00:15 +0000 2020
nytimes,"Voting patterns show the gap between red and blue counties‚Äô education levels, household incomes and projected long-‚Ä¶ https://t.co/8pOKGCwNXS",Sun Nov 15 14:40:04 +0000 2020
nytimes,"It's the final day of The Masters. Dustin Johnson has a four-stroke lead, but competition is tight. Who will take h‚Ä¶ https://t.co/E5ZtoZwrP2",Sun Nov 15 14:30:03 +0000 2020
nytimes,"""He won"" ‚Äî President Trump acknowledged Joe Biden's election win for the first time on Sunday, but continued to fal‚Ä¶ https://t.co/XRI0J4LDB3",Sun Nov 15 14:20:07 +0000 2020
nytimes,President Trump‚Äôs false claims about voter fraud are part of an extensive plan to disenfranchise Americans. Revisit‚Ä¶ https://t.co/Rvszpa8bzZ,Sun Nov 15 13:20:04 +0000 2020
nytimes,Future Mars and moon colonists will have an unexpected ally when it comes to mining for essential elements: bacteri‚Ä¶ https://t.co/QNthEqa8SA,Sun Nov 15 12:20:03 +0000 2020
nytimes,"‚ÄúThey‚Äôre a mishmash of all these different things I love,‚Äù Mark Kanemura said of his popular Instagram and TikTok v‚Ä¶ https://t.co/hVgMWm0zaP",Sun Nov 15 11:20:02 +0000 2020
nytimes,"Marguerite Littman, muse of Truman Capote and the inspiration for Holly Golightly, has died at 90. 
https://t.co/Cbr8khL7oe",Sun Nov 15 10:20:07 +0000 2020
nytimes,A skull discovered by an anthropology student in a South African cave suggests an ancestral cousin to humans went t‚Ä¶ https://t.co/1tQxL0usG2,Sun Nov 15 09:20:04 +0000 2020
nytimes,‚ÄúThere‚Äôs something about seeing the joy and energy of a kid in love with an instrument. She just seemed like a forc‚Ä¶ https://t.co/fhaMt2JbuY,Sun Nov 15 08:20:06 +0000 2020
nytimes,The deal stands as a potent symbol of Beijing‚Äôs growing economic sway in Southeast Asia at a time of uncertainty ov‚Ä¶ https://t.co/LI8CsHOrbp,Sun Nov 15 07:38:13 +0000 2020
nytimes,"Austria will go into a full lockdown after an existing partial shutdown failed to stem rising infections, Chancello‚Ä¶ https://t.co/xmSJi8OrBy",Sun Nov 15 07:00:08 +0000 2020
nytimes,"For the Indigenous communities who rely on reindeer for sustenance, preserving dying culinary traditions is about p‚Ä¶ https://t.co/zV9PTwpzkA",Sun Nov 15 06:20:05 +0000 2020
nytimes,Our theater experts provide a guide to some of the successful (and failed) cinematic adaptations of plays and music‚Ä¶ https://t.co/m94Y9nnffO,Sun Nov 15 05:20:04 +0000 2020
nytimes,"Trump supporters rallied in Washington, earning a brief drive-by visit from the president. The orderly crowds devol‚Ä¶ https://t.co/yW25ScIWJL",Sun Nov 15 05:02:54 +0000 2020
nytimes,"Despite hundreds of thousands protesting against him for months, President Aleksandr Lukashenko of Belarus has been‚Ä¶ https://t.co/GdjEIWpnhi",Sun Nov 15 04:00:08 +0000 2020
nytimes,"It took a century to open. A mosque in Athens survived legal, political and financial challenges, only to close in‚Ä¶ https://t.co/Q6MYOxt2Ct",Sun Nov 15 03:00:05 +0000 2020
nytimes,"Though the future is hazy at best, both owners have full faith that House of Yes and Brooklyn‚Äôs club scene will pre‚Ä¶ https://t.co/Zj9YUt4BET",Sun Nov 15 02:20:08 +0000 2020
nytimes,What if the room you're escaping is in your screen? https://t.co/CG7slce2HZ,Sun Nov 15 01:20:01 +0000 2020
nytimes,"""Hamilton"" and ""American Utopia"" are just the start. After decades of sporadic adaptations, Hollywood has suddenly‚Ä¶ https://t.co/xLTHfXpHIM",Sun Nov 15 00:20:03 +0000 2020
nytimes,"How a human rights angel lost her halo: Myanmar‚Äôs leader, a Nobel Peace Prize winner, has become a jailer of innoce‚Ä¶ https://t.co/9zjFslMxBV",Sat Nov 14 23:40:07 +0000 2020
nytimes,"If you're planning to visit family out-of-state for Thanksgiving, be prepared to quarantine when you get back. https://t.co/u3gNVjqmPA",Sat Nov 14 23:20:04 +0000 2020
nytimes,Hong Kong is making Covid-19 tests mandatory for people in high-risk groups as the Chinese territory works to preve‚Ä¶ https://t.co/2QLMn0HZIv,Sat Nov 14 23:00:13 +0000 2020
nytimes,"In Opinion

‚ÄúI‚Äôm so sorry.‚Äù It was the urgent care doctor. ‚ÄúI told you that your X-ray was fine, but I read the wro‚Ä¶ https://t.co/uIVUHai6Zm",Sat Nov 14 22:40:02 +0000 2020
nytimes,"""This is real. This is deadly.‚Äù Health care workers in hard-hit states have taken to social media to plead people t‚Ä¶ https://t.co/CEOPR1DXuM",Sat Nov 14 22:30:11 +0000 2020
nytimes,"A Texas appeals court ruled late Friday that El Paso, which has more people hospitalized with Covid-19 than most st‚Ä¶ https://t.co/k8p6LQCDTt",Sat Nov 14 22:20:05 +0000 2020
nytimes,"Yakult ajummas, or ""yogurt ladies,"" have been fixtures in South Korea for decades. Their job is to sell yogurt door‚Ä¶ https://t.co/ZfeEu3hkMr",Sat Nov 14 22:00:12 +0000 2020
nytimes,"Iran‚Äôs Foreign Ministry denied that Israeli agents had fatally shot Al Qaeda‚Äôs second-ranking leader, Abu Muhammad‚Ä¶ https://t.co/lR68hwgU5J",Sat Nov 14 21:40:07 +0000 2020
nytimes,"In Opinion

""If the coronavirus has taught us anything, it is that what has traditionally been women‚Äôs work ‚Äî carin‚Ä¶ https://t.co/kMpv7Fi7rg",Sat Nov 14 21:20:07 +0000 2020
nytimes,"With the prospect that a coronavirus vaccine will become available for emergency use as soon as December, states an‚Ä¶ https://t.co/90YRJ4IcRK",Sat Nov 14 21:00:02 +0000 2020
nytimes,"Joanna Harcourt-Smith, who wrote about her relationship with American psychologist and psychedelic drug advocate Ti‚Ä¶ https://t.co/JU2I0nozx4",Sat Nov 14 20:40:03 +0000 2020
nytimes,Think you're informed? Try to get every question right on this week's news quiz: https://t.co/vqqaH69WeF,Sat Nov 14 20:23:16 +0000 2020
nytimes,ÿ®Ÿá ⁄ØŸÅÿ™Ÿá ŸÖŸÇÿßŸÖÿßÿ™ÿå ÿßÿ®Ÿà ŸÖÿ≠ŸÖÿØ ÿßŸÑŸÖÿµÿ±€å ÿ®Ÿá ÿØÿ≥ÿ™Ÿàÿ± ÿ¢ŸÖÿ±€å⁄©ÿß Ÿà ÿ®Ÿá ÿØÿ≥ÿ™ ŸÖÿßŸÖŸàÿ±ÿßŸÜ ÿßÿ≥ÿ±ÿßÿ¶€åŸÑ€å ÿØÿ± ÿÆ€åÿßÿ®ÿßŸÜ‚Äå Ÿáÿß€å ÿ™Ÿáÿ±ÿßŸÜ ÿ®Ÿá ÿ∂ÿ±ÿ® ⁄ØŸÑŸàŸÑŸá ⁄©ÿ¥ÿ™Ÿá ÿ¥ÿØ‚Ä¶ https://t.co/tKA6eJZnBg,Sat Nov 14 20:02:16 +0000 2020
nytimes,"Rudy Giuliani, President Trump‚Äôs personal lawyer, hinted support for a thoroughly debunked conspiracy theory about‚Ä¶ https://t.co/WRZ2u7Of24",Sat Nov 14 20:00:07 +0000 2020
nytimes,It's Day 3 of The Masters. Watch here for live updates and the leaderboard: https://t.co/9pnlEBk0dr,Sat Nov 14 19:40:04 +0000 2020
nytimes,"RT @AsteadWesley: New: Even in victory, Biden's promise to restore the soul of the country faces a wake up call. Rs won't acknowledge him,‚Ä¶",Sat Nov 14 19:30:08 +0000 2020
nytimes,Two dozen residents infected with the coronavirus have died at a state-owned long-term nursing care facility for ve‚Ä¶ https://t.co/gta47KMurM,Sat Nov 14 19:20:03 +0000 2020
nytimes,"Presidential Pets Haven't Always Been Cats and Dogs

https://t.co/0JT2QGQIEs",Sat Nov 14 19:13:27 +0000 2020
nytimes,"Learn more about the White House‚Äôs furry, feathery and scaly residents of years past: https://t.co/XPUBeSgD9B",Sat Nov 14 19:04:44 +0000 2020
nytimes,President Calvin Coolidge and Grace Coolidge were sent a raccoon to be served for Thanksgiving dinner. But finding‚Ä¶ https://t.co/UYOPI9a6LG,Sat Nov 14 19:04:09 +0000 2020
nytimes,"Woodrow Wilson brought a flock of sheep to the White House during World War I, in order to save money and human res‚Ä¶ https://t.co/746Edu1ttv",Sat Nov 14 19:02:38 +0000 2020
nytimes,"Most notorious for his unconventional pet choices was Theodore Roosevelt. His family owned horses, dogs, kangaroo r‚Ä¶ https://t.co/PYAxaGye7z",Sat Nov 14 19:01:25 +0000 2020
nytimes,"For most of modern U.S. history, the president has had a pet. President-elect Joe Biden will resume this tradition‚Ä¶ https://t.co/CWU9fWpbis",Sat Nov 14 19:00:12 +0000 2020
nytimes,"RT @shockproofbeats: Delightfully, the New York Times asked me to embed with the most fast-paced, bristling, and short-lived political scen‚Ä¶",Sat Nov 14 18:50:04 +0000 2020
nytimes,"""Diwali comes at an especially grim time in our country,"" @SominiSengupta writes about the Hindu holiday, a celebra‚Ä¶ https://t.co/sfv0pFszN0",Sat Nov 14 18:20:07 +0000 2020
nytimes,"Charles Dickens ""seemed to know and understand everything and everyone ‚Äî except himself,"" Robert Gottlieb wrote on‚Ä¶ https://t.co/HeesLckGn5",Sat Nov 14 18:00:06 +0000 2020
nytimes,"In dozens of lawsuits, Republicans tried to make voting and counting votes harder. After a record turnout and a Dem‚Ä¶ https://t.co/5PQIuxmbno",Sat Nov 14 17:45:04 +0000 2020
nytimes,New York City Mayor Bill de Blasio announced on Saturday morning that the city‚Äôs seven-day positivity rate for coro‚Ä¶ https://t.co/lnIPa3xJWc,Sat Nov 14 17:34:42 +0000 2020
nytimes,"President Trump‚Äôs motorcade drove by hundreds of supporters, who had gathered in Washington to protest the outcome‚Ä¶ https://t.co/F1bzZJ0Npd",Sat Nov 14 17:20:10 +0000 2020
nytimes,"President-elect Joe Biden ran on unity, promising to restore the ‚Äúsoul of the nation.‚Äù But he now faces a towering‚Ä¶ https://t.co/GJC924GgHY",Sat Nov 14 17:00:11 +0000 2020
nytimes,"The two 15-year-olds charged with the alleged murder of Nyla Bond, a 20-year-old woman from the Bronx, have joined‚Ä¶ https://t.co/5HIkEtwQMC",Sat Nov 14 16:40:05 +0000 2020
nytimes,"RT @jimtankersley: Biden‚Äôs first big policy choice: push for a (smaller than he wants) stimulus deal in the lame duck, in hopes of adding m‚Ä¶",Sat Nov 14 16:35:14 +0000 2020
nytimes,"In his new memoir, Michael J. Fox views his life, including the prognosis of his Parkinson's disease, through a sob‚Ä¶ https://t.co/Jbp7jD56Cg",Sat Nov 14 16:30:14 +0000 2020
nytimes,"Acting defense secretary Christopher Miller called for American troops to ‚Äúcome home"" in a memo sent after midnight‚Ä¶ https://t.co/pi6lWGU6vf",Sat Nov 14 16:05:04 +0000 2020
nytimes,RT @EricLiptonNYT: NEW: President Trump‚Äôs string of losses in court in recent days extended beyond his effort to challenge the outcome of t‚Ä¶,Sat Nov 14 15:51:57 +0000 2020
nytimes,Calls for a reversal of Pope John Paul II‚Äôs canonization have emerged following a Vatican investigation that reveal‚Ä¶ https://t.co/IC4KuSfFGR,Sat Nov 14 15:40:06 +0000 2020
nytimes,"As the U.S. enters what may be the worst wave of the coronavirus pandemic yet, rural and urban areas have something‚Ä¶ https://t.co/NSygxoEEXA",Sat Nov 14 15:20:08 +0000 2020
nytimes,"Georgia's unusual runoff elections were devised by white Republicans to dilute the power of Black, Democrat voters,‚Ä¶ https://t.co/fQNgcuYWhL",Sat Nov 14 15:00:09 +0000 2020
nytimes,"By some estimates, the U.S. may soon be on track to reach ‚Äî or exceed ‚Äî peak coronavirus death levels from the spri‚Ä¶ https://t.co/s6p7PjEghx",Sat Nov 14 14:40:05 +0000 2020
nytimes,"Savannah Guthrie, the ‚ÄúToday‚Äù show co-host, is no stranger to asking tough questions. With experience as a White Ho‚Ä¶ https://t.co/5LrThHZGEO",Sat Nov 14 14:20:07 +0000 2020
nytimes,"RT @nytimes: When President Trump leaves office, he will lose the constitutional protection from prosecution afforded to a sitting presiden‚Ä¶",Sat Nov 14 14:17:41 +0000 2020
nytimes,"RT @nytopinion: ""No recount can turn these numbers around. No evidence has emerged to back Trump‚Äôs lawsuits challenging the outcomes. Biden‚Ä¶",Sat Nov 14 14:00:14 +0000 2020
nytimes,"RT @alanblinder: The players are finishing the second round of the Masters, with the third expected to start around 10:30 a.m. ET. While we‚Ä¶",Sat Nov 14 13:45:09 +0000 2020
nytimes,"Dr. Martin Luther King Jr. was stabbed in Harlem in 1958. Al Howard, a former police officer who died of Covid last‚Ä¶ https://t.co/zEoIEnTDkJ",Sat Nov 14 13:00:07 +0000 2020
nytimes,"Watch: The U.S. soccer stars Rose Lavelle, Sam Mewis, Tobin Heath and Christen Press tell our soccer correspondent‚Ä¶ https://t.co/EwvxYKyGpJ",Sat Nov 14 12:00:11 +0000 2020
nytimes,President Xi Jinping of China and President-elect Joe Biden‚Äôs converging climate interests could spur healthy compe‚Ä¶ https://t.co/KmOJ2rGaZb,Sat Nov 14 10:00:07 +0000 2020
nytimes,"RT @RorySmith: Genuinely one of the most fun interviews I‚Äôve ever done: come for @TobinHeath gleefully stoking a rivalry, but stay for @Chr‚Ä¶",Sat Nov 14 09:00:12 +0000 2020
nytimes,There have been calls for decades for the looted Benin Bronzes to be returned to Nigeria and housed in a new museum‚Ä¶ https://t.co/QhHHvhPmNE,Sat Nov 14 08:00:07 +0000 2020
nytimes,Some people buy treats for their favorite animals. President Gurbanguly Berdymukhammedov of Turkmenistan has built‚Ä¶ https://t.co/O9nAINzu6P,Sat Nov 14 07:00:05 +0000 2020
nytimes,"RT @NYTScience: Oh so PEMDAS is trending again, eh? Well, math conventions like PEMDAS (or BODMAS) may seem tedious, but they are the doubl‚Ä¶",Sat Nov 14 06:30:04 +0000 2020
nytimes,Michael McAllister‚Äôs photos were used to catfish women on dating apps. He writes for Modern Love about confronting‚Ä¶ https://t.co/00KPT1qZa0,Sat Nov 14 06:00:08 +0000 2020
nytimes,"RT @nytopinion: America ought to look at Joe Biden‚Äôs win from another angle, writes @JenSeniorNY. Isn‚Äôt it inspiring that ‚Äúafter 46 years o‚Ä¶",Sat Nov 14 05:30:07 +0000 2020
nytimes,9 new books recommended by critics and editors at The New York Times https://t.co/4jmRy8giqr,Sat Nov 14 05:00:09 +0000 2020
nytimes,"The SeaDream 1, a ship that had aspired to be a model for a safe return to cruising in the pandemic era, cut short‚Ä¶ https://t.co/rBTs1NTpIU",Sat Nov 14 04:40:04 +0000 2020
nytimes,"RT @sarahkliff: More than a million Americans are now getting tested for coronavirus each day.

Here's my guide to avoiding the surprise me‚Ä¶",Sat Nov 14 04:20:07 +0000 2020
nytimes,"President Trump was handed defeats in Pennsylvania, Arizona and Michigan, where a state judge in Detroit rejected a‚Ä¶ https://t.co/sS1m6m3p7D",Sat Nov 14 04:00:03 +0000 2020
nytimes,"RT @apoorva_nyc: NEW: Have you been wondering if the CDC has, in recent weeks, seemed to reclaim some measure of its independence?

You wer‚Ä¶",Sat Nov 14 03:50:04 +0000 2020
nytimes,"Tropical Storm Iota stirred in the Caribbean Sea on Friday evening, becoming the 30th named storm in the record-bre‚Ä¶ https://t.co/O3LgiHeGE2",Sat Nov 14 03:40:07 +0000 2020
nytimes,"RT @nicoleperlroth: New: Chris Krebs hasn't been fired, yet. https://t.co/YvJyuzvWoU with @SangerNYT",Sat Nov 14 03:20:05 +0000 2020
nytimes,"New Yorkers stood for hours in long lines to be tested for the coronavirus on Friday, a disturbing indicator that s‚Ä¶ https://t.co/K6psZgOKmN",Sat Nov 14 03:00:07 +0000 2020
nytimes,"RT @adamgoldmanNYT: Prosecutors asked Barr to rescind the memo, saying it thrust the department into partisan politics and was unnecessary‚Ä¶",Sat Nov 14 02:52:21 +0000 2020
nytimes,"The resolution, approved on Thursday, marked the first time that Philadelphia had formally apologized for the actio‚Ä¶ https://t.co/JtA6kIGa4C",Sat Nov 14 02:42:02 +0000 2020
nytimes,"RT @maggieNYT: NEW - Trump has put Rudy Giuliani in charge of his campaign lawsuits related to the outcome of the election, as well as all‚Ä¶",Sat Nov 14 02:15:04 +0000 2020
nytimes,"Breaking News: President Trump is said to have put his personal lawyer, Rudy Giuliani, in charge of campaign lawsui‚Ä¶ https://t.co/NAJqM1r87g",Sat Nov 14 02:00:05 +0000 2020
nytimes,"RT @thomaskaplan: In his first week as president-elect, Biden treated Trump as if he were a heckler shouting from the bleachers who would e‚Ä¶",Sat Nov 14 01:40:07 +0000 2020
nytimes,"We‚Äôre tracking coronavirus restrictions in every state, including what businesses are open or closed ‚Äî and whether‚Ä¶ https://t.co/4NHiMPbzJ8",Sat Nov 14 01:32:39 +0000 2020
nytimes,"The CDC, breaking from its recommendations on the use of masks so far, said this week that masks benefit wearers, n‚Ä¶ https://t.co/rlDP4XjDCv",Sat Nov 14 01:32:38 +0000 2020
nytimes,"Masks are now mandatory in public in 29 states, Washington, D.C., and Puerto Rico, and are required in certain circ‚Ä¶ https://t.co/Ofz9nCs4rs",Sat Nov 14 01:32:38 +0000 2020
nytimes,"Without a federal policy, many states are weighing public health and the economy. Most business sectors remain open‚Ä¶ https://t.co/haqnmYH4xj",Sat Nov 14 01:32:37 +0000 2020
nytimes,"Several states are adding new restrictions, including New Mexico, which will change its stay-at-home advisory to an‚Ä¶ https://t.co/FRKyxmPIlv",Sat Nov 14 01:32:36 +0000 2020
nytimes,Coronavirus cases continue to surge in the U.S. and experts warn the virus‚Äôs spread could accelerate as winter sets‚Ä¶ https://t.co/0EwBy3btLh,Sat Nov 14 01:32:35 +0000 2020
nytimes,"RT @farnazfassihi: Our bombshell: Al Qaeda‚Äôs No. 2 Killed in Iran. 

Remember an assassination in Aug. Iran said it was prof Lebanese Habib‚Ä¶",Sat Nov 14 01:00:05 +0000 2020
nytimes,"Breaking News: Israeli agents shot Al Qaeda‚Äôs No. 2 leader on the streets of Tehran at the behest of the U.S., offi‚Ä¶ https://t.co/l51R6R8niu",Sat Nov 14 00:48:02 +0000 2020
nytimes,"Stocks climbed to a record, after a rally that began with the presidential election and was boosted further by hope‚Ä¶ https://t.co/3uAZXD97qi",Sat Nov 14 00:40:03 +0000 2020
nytimes,"RT @jacknicas: I wrote about Tommy Heinsohn, the Boston Celtics great whose love for basketball was infectious.

For 40 years behind the mi‚Ä¶",Sat Nov 14 00:20:05 +0000 2020
nytimes,China‚Äôs unusual new coronavirus testing policy has health experts baffled. It requires inbound travelers to show ne‚Ä¶ https://t.co/H1ewWHHVpX,Sat Nov 14 00:00:11 +0000 2020
nytimes,Millions of American students are attending school remotely without adequate home internet service. Some are learni‚Ä¶ https://t.co/e8o8RkiuVL,Fri Nov 13 23:40:04 +0000 2020
